island,site,year,transect.length,photographer,analyze,teams,local.id,reeftype,Acanthastrea (ACAN),Acropora (ACROP),Acropora-arborescent (ACROPARB),Acropora-bottlebrush (ACROB),Acropora-stag (ACROST),Acropora-table (ACROTBL),Alveopora (ALVEO),Astreopora (ASTRP),Caulastrea (CAUL),Coscinaraea (COSC),Ctenactis (CTEN),Cyphastrea (CYPH),Diplioastrea (DIPLO),Echinopora (ECHPO),Echinphyllia (ECHPHY),Euphyllia (EUPH),Favia (FAV),Favites (FAVT),Fungia (FUNG),Galaxea (GAL),Gardineroseris (GARD),Goniastrea (GON),Goniopora (GONIO),Halomitra (HALO),Heliopora (HELIO),Herpolitha (HERP),Hydnophora (HYD),Isopora (ISOP),Leptastrea (LEPT),Leptoria (LEPTOR),Leptoseris (LEPTOS),Lobophyllia (LOBOPH),Merulina (MERU),Millepora (MILL),Montastrea (MONT),Montipora (MONTI),Mycedium (MYCED),Oulophyllia (OULO),Oxypora (OXYP),Pachyseris (PACHY),Pavona (PAV),Pectinia (PECT),Physogyra (PHYSO),Platygyra (PLAT),PLeisastrea (PLSIA),Plerogyra (PLERO),Pocillopora (POC),Porites (POR),Porites-cylindrica (PORCYL),Porites-lichen (PORLICH),Porites-massive (PORMAS),Porites-rus (PORRUS),Psammocora (PSAM),Sandalolitha (SANDO),Scapophyllia (SCAP),Seriatopora (SERIA),Stylocoeniella (STYLC),Stylohpora (STYLO),Symphyllia (SYMP),Turbinaraea (TURBIN),Anenome (ANEM),Ascidian (ASC),Cup Sponge (CUPS),Discosoma (DISCO),Dysidea Sponge (DYS),Gorgonians (G),Not Identified Invertebrate (NOIDINV),Olive Sponge (OLV),Soft Coral (SC),Sponges (S),Terpios Sponge (TERPS),Xenid (XEN),Zoanthids (Z),Asparagopsis (ASP),Bluegreen (BG),Boodlea (BOOD),Bryopsis (BRYP),Caulerpa (CLP),Chlorodesmis (CHLDES),Dictosphyrea (DYCTY),Dictyota (DICT),Galaxura (GLXU),Halimeda (HALI),Liagora (LIAG),Lobophora (LOBO),Mastophora (MAST),Microdictyton (MICDTY),Neomeris (NEOM),Not ID Macroalgae (NOIDMAC),Padina (PAD),Peyssonnelia (PEY),Sargassum (SARG),Schizothrix (SCHIZ),Tricleocarpa (TRIC),Turbinaria (TURB),Tydemania (TYDM),Amphiroa (AMP),Branching Coralline general (BCA1),Jania (JAN),Crustose Coralline (CCA1),Rubble (RBL),Sand (SAND),Fleshy-Coralline (FCA1),Brown Chysophyte (CHRYOBRN),Turf (TURF)
Kosrae,KOS-13,2011,50m,KCSO-ML/KVR-KA,UOGML/RC,PMRI-KIRMA-BMT-KCSO-KVR,Tafunsak,Inner,0,1.666666667,0,0,0,0,0,0,0,0,0,0,0,0,0,0,0,0.416666667,0,0,0,0,0,0,0,0,1.666666667,0,0,0,0,0,0,1.25,0,2.5,0,0,2.5,0,0,0,0,0,0,0,0,0.833333333,0,0,9.583333333,4.166666667,0,0,0,0,0,0,0,0.833333333,0,0,0,0,0,0,0,0,0,0.416666667,0,0,0,0,0,0,0,0.416666667,0,0,3.333333333,0,10.41666667,0,0,0,0,0,0,0,0,0,0,0,0,0,0,0.833333333,0,8.333333333,0,21.25,8.333333333,0,21.25
Kosrae,KOS-13,2011,50m,KCSO-ML/KVR-KA,UOGML/RC,PMRI-KIRMA-BMT-KCSO-KVR,Tafunsak,Inner,0,0,0,0,0,0,0,0,0,0,0,0,0,0,0,0,0,0,0,0,0,0,0,0,0,0,0,0,0,0,0.425531915,0,0,0,0,5.531914894,0,0,0.85106383,0,0,0,0,0,0,0,0,0.425531915,0.425531915,0,9.361702128,11.91489362,0,0,0,0,0,0,0,4.255319149,0,0,0,0,0,0,0,0,0,0,0,0,0,0,0,0,0,0.425531915,0,0,3.829787234,0,2.127659574,0,0,0,0,0,0,0,0,0,0,0,0,0,0,0.425531915,0,17.87234043,0,8.510638298,11.4893617,0,22.12765957
Kosrae,KOS-13,2011,50m,KCSO-ML/KVR-KA,UOGML/RC,PMRI-KIRMA-BMT-KCSO-KVR,Tafunsak,Inner,0,0,0,0,0,0,0,0,0,0,0,0,0,0,0,0,0,0,0,0,0,0,0,0,0,0,0,0,0,0,0,0,0,0.454545455,0,5,0.454545455,0,0,0,0.454545455,0,0,0.454545455,0,1.818181818,0,0,2.727272727,0,10,4.090909091,0,0,0,0,0,0,0,2.272727273,0,0,0,0,0,0,0,0,0,0,0,0,0,0,1.818181818,0,0,0.454545455,0,0,7.272727273,0,4.090909091,0,0,0,0,0,0,0,0,0,0,0,0,0,0,0,0,12.72727273,0,10.90909091,5.909090909,0,29.09090909
Kosrae,KOS-13,2011,50m,KCSO-ML/KVR-KA,UOGML/RC,PMRI-KIRMA-BMT-KCSO-KVR,Tafunsak,Inner,0,0,0,0,0,0,0,0,0,0,0,0,0,0,0,0,0,0,0,0,0,0.416666667,0,0,0,0,0.833333333,0,0,0,0,0,0,0,0,1.666666667,0,0,0,0,0,0,0,0.416666667,0,0,0,0,0,0,10.41666667,3.333333333,0,0,0,0,0,0,0,5.833333333,0,0,0,0,0,0,0,0,2.083333333,0,0,0,0,0,0,0,0,0,0,0,15.41666667,0,5.833333333,0,0,0,0,0,0,0,0,0,0,0,0,0,0,1.666666667,0,3.333333333,0,16.25,2.083333333,0,30.41666667
Kosrae,KOS-13,2011,50m,KCSO-ML/KVR-KA,UOGML/RC,PMRI-KIRMA-BMT-KCSO-KVR,Tafunsak,Inner,0,0.740740741,0,0,0,0,0,0,0,0,0,0,0,0,0,0,0,0,0,0,0,0,0,0,0,0,5.185185185,0,0,0,0,0,0,0,0,4.444444444,0,0,0,0,0,0,0,0,0,0,0,0.740740741,2.962962963,0,24.44444444,1.481481481,0,0,0,0,0,0,0,0,0,0,0,0,0,0,0,0,0,0,0,0,0,0,0.740740741,0,0,0,0,0,8.888888889,0,2.222222222,0,0,0,0,0,0,0,0,0,0,0,0,0,0,0.740740741,0,5.185185185,0,11.11111111,2.962962963,0,28.14814815
Kosrae,KOS-12,2011,50m,KCSO-ML/KVR-KA,UOGML/RC,PMRI-KIRMA-BMT-KCSO-KVR,Lelu Patch Reef,Inner,0,0,0,0,0,0,0,0,0,0,0,0,0,0,0,0,0,0,0,0,0,0,0,0,0,0,0,0,0,0,0,0,0,0,0,0,0,0,0,0,0,0,0,1.538461538,0,0,0,0,0,0,2.307692308,20,0,0,0,0,0,0,0,0,0,0,0,0,0,0,0,0,0,0,0,0,0,0,0.769230769,0,0,3.076923077,0,0,0,0,17.69230769,0,0,0,0,0,0,0,0,0,0,0,0,0,0,0,0,12.30769231,0,0,20.76923077,0,21.53846154
Kosrae,KOS-12,2011,50m,KCSO-ML/KVR-KA,UOGML/RC,PMRI-KIRMA-BMT-KCSO-KVR,Lelu Patch Reef,Inner,0,3.571428571,0,0,0,0,0,0,0,0,0,0,0,0,0,0,0,0.714285714,0,0,0,0.714285714,0,0,2.142857143,0,0,0,0,2.857142857,0,0,0,0,0,0,0,0,0,0,0,0,0,2.857142857,0,0,1.428571429,0,0,0,0,17.14285714,0,0,0,0,0,0,0,0,0,0,0,0,0,0,0,0,0.714285714,0,0,0,0,0,0,0,0,11.42857143,0,0,0,0,12.14285714,0,0,0,0,0,0,0,0,0,0,0,0,0,0,0,0,12.85714286,0,0,19.28571429,0,12.14285714
Kosrae,KOS-12,2011,50m,KCSO-ML/KVR-KA,UOGML/RC,PMRI-KIRMA-BMT-KCSO-KVR,Lelu Patch Reef,Inner,0,5.384615385,0,0,0,0,0,0,0,0,0,0,0,0,0,0,0,0,0,0,0,1.538461538,0,0,2.307692308,0,0,0,0,3.846153846,0,0,0,0,0,0,0,0,0,0,0,0,0,16.92307692,0,0,0,0,3.076923077,0,0.769230769,13.07692308,0,0,0,0,0,0,0,0,0,0,0,0,0,0,0,0,1.538461538,0,0,0,0,0,0,0,0,10.76923077,0,0,0,0,11.53846154,0,0,0,0,0,0,0,0,0,0,0,0,0,0,0.769230769,0,8.461538462,0,0,10,0,10
Kosrae,KOS-12,2011,50m,KCSO-ML/KVR-KA,UOGML/RC,PMRI-KIRMA-BMT-KCSO-KVR,Lelu Patch Reef,Inner,0,2.4,0,0,0,0,0,0,0,0,0,0,0,0,0,0,0,0,0,0,0,0,0,0,1.6,0,2.4,0,0,0,0,0,0,0,0,0,0,0,0,0,0,0,0,4,0,0,1.6,0,0,0,0,17.6,0,0,0,0,0,0,0,0,0,0,0,0,0,0,0,0,0,0,0,0,0,0,0,0,0,5.6,0,0,0,0,32.8,0,0,0,0,0,0,0,0,0,0,0,0,0,0,0,0,11.2,0,0,12,0,8.8
Kosrae,KOS-12,2011,50m,KCSO-ML/KVR-KA,UOGML/RC,PMRI-KIRMA-BMT-KCSO-KVR,Lelu Patch Reef,Inner,0,1.538461538,0,0,0,0,0,0,0,0,0,0,0,0,0,0,0,0,0,0,0,0,0,0,0,0,6.153846154,0,0,0,0,0,0,0,0,0,0,0,0,0,0,0,0,5.384615385,0,0,0,0,0.769230769,0,0,26.92307692,0,0,0,0,0,0,0,0,0,0,0,0,0,0,0,0,0,0,0,0,0,0,1.538461538,0,0,3.846153846,0,0,0,0,18.46153846,0,0,0,0,0,0,0,0,0,0,0,0,0,0,0,0,10,0,0,13.07692308,0,12.30769231
Kosrae,KOS-10,2011,50m,KCSO-ML/KVR-KA,UOGML/RC,PMRI-KIRMA-BMT-KCSO-KVR,Buoy-8,Outer,0,0.5,0,0,4,25,0,0,0,0,0,0,0,0,0,0,0,0,0,0,0,0.5,0,0,0,0,0,0,0,0,0,0,0,0,0,2.5,0,0,0,0,0,0,0,0,0,0,2,0,0,0,0,0,0,0,0,0,0,0,0,0,0,0,0,0,0,0,0,0,0,0,0,0,0,0,0,0,0,0,0.5,0,0,0,3,0,0,0,0,0,0,0,0,0,0,0,0,0,0,0,0,30,0,0,20,0,12
Kosrae,KOS-10,2011,50m,KCSO-ML/KVR-KA,UOGML/RC,PMRI-KIRMA-BMT-KCSO-KVR,Buoy-8,Outer,0,3,0,0,5,12.5,0,0,0,0,0,0,0,0,0,0,0,0,0,0,0,0,0,0,0,0,0,0,0,0,0,0,0,0,0,1.5,0,0,0,0,0,0,0,3.5,0,0,0.5,0,0,0,3,0,0,0,0,0,0,0,0,0,0,0,0,0,0.5,0,0,0,0,0,0,0,0,0,0,0,0,0,0,0,0,0,3,0,0,0,0,0,0,0,0,0,0,0,0,0,0,0.5,0,28,0,0,23.5,0,15.5
Kosrae,KOS-10,2011,50m,KCSO-ML/KVR-KA,UOGML/RC,PMRI-KIRMA-BMT-KCSO-KVR,Buoy-8,Outer,0,1.5,0,0,9,39.5,0,0,0,0,0,0,0,0,0,0,0,0,0,0,0,1.5,0,0,0,0,0,0,0,0,0,0,0,0,0,1.5,0,0,0,0,0,0,0,6,0,0,0,0.5,0,0,0.5,0,0,0,0,0,0,0,0,0,0,0,0,0,0,0,0,0,0,0,0,0,0,0,0,0,0,0,0,0,0,0,0.5,0,0,0,0,0,0,0,0,0,0,0,0,0,0,0,0,17,0,0,12.5,0,10
Kosrae,KOS-10,2011,50m,KCSO-ML/KVR-KA,UOGML/RC,PMRI-KIRMA-BMT-KCSO-KVR,Buoy-8,Outer,0,1,0,0,0.5,34,0,0,0,0,0,0,0,0,0,0,0,0,0,0,0,0,0,0,0,0,0,0,2.5,0,0,0.5,0,0,0,3,0,0,0,0,0,0,0,7,0,0,0,0.5,0,0,4.5,0,0,0,0,0,0,0,0,0,0,0,0,0,0,0,0,0,1.5,0,0,0,0,0,0,0,0,0,0,0,0,0,0.5,0,0,0,0,0,0,0,0,0,0,0,0,0,0,0,0,23,0,0,16.5,0,5
Kosrae,KOS-10,2011,50m,KCSO-ML/KVR-KA,UOGML/RC,PMRI-KIRMA-BMT-KCSO-KVR,Buoy-8,Outer,0,0.952380952,0,0,0,30,0,0,0,0,0,0,0,0,0,0,0,0.952380952,0,0,0,0.476190476,3.333333333,0,0,0,3.333333333,0,0,0,0,0,0,0,0,0,0,0,0,0,0,0,0,17.14285714,0,0,0,0,0,0,4.285714286,0.952380952,0,0,0,0,0,0,0,0,0,0,0,0,0,0,0,0,0,0,0,0,0,0,0,0,0,0,0,0,0,0,1.428571429,0,0,0,0,0,0,0,0,0,0,0,0,0,0,0,0,17.14285714,0,0,11.42857143,0,8.571428571
Kosrae,KOS-1,2011,50m,KCSO-ML/KVR-KA,UOGML/RC,PMRI-KIRMA-BMT-KCSO-KVR,Buoy-16,Outer,0,0,0,0,0,12.57142857,0,0,0,0,0,0,0,2.857142857,0,0,0.571428571,0,0,5.142857143,0,1.714285714,0,0,0,0,2.285714286,0,0,2.857142857,0,0,0,0,0,0,0.571428571,0,0,0,0,0,0,8,0,0,1.142857143,0.714285714,5,5.714285714,12,4,0,0,0,0,0,0,0,5.142857143,0,0,0,0,0,0,0,0,0,0,0,0,0,0,2.285714286,0,0,0,0,0,0,0,4.571428571,0,0,0,0,0,0,0,0,0,0,0,0,0,0,0,0,7.428571429,0,0,10.85714286,0,4.571428571
Kosrae,KOS-1,2011,50m,KCSO-ML/KVR-KA,UOGML/RC,PMRI-KIRMA-BMT-KCSO-KVR,Buoy-16,Outer,0,0,0,0,0,5.714285714,0,0,0,0,0,0,1.142857143,4.571428571,0,0,0,0,0.571428571,9.714285714,0,0,1.714285714,0,1.142857143,0,0,0,0,0,0,0,0,0,0,1.714285714,0,0,0,0,0,0,0,0.571428571,0,0,1.142857143,2.428571429,5.571428571,5.142857143,12,9.714285714,0,0,0,0,0,0,0,1.142857143,0,0,0,0,0,0,0,0,3.428571429,0,0,0,0,0,2.285714286,0,0,0,0,0,1.142857143,0,2.285714286,0,0,0,0,0,0,0,0,0,0,0,0,0,0,2.285714286,0,6.857142857,0,1.142857143,12,0,4.571428571
Kosrae,KOS-1,2011,50m,KCSO-ML/KVR-KA,UOGML/RC,PMRI-KIRMA-BMT-KCSO-KVR,Buoy-16,Outer,0,0,0,0,0,1.111111111,0,0,0,0,0,0,0,3.333333333,0,0,1.666666667,0,0.555555556,20,0,0.555555556,0,0,0,0,5.555555556,0,0,0,0,0,0,0,0,2.777777778,1.666666667,0,0,0,0,0,0,2.222222222,0,0,1.111111111,3.333333333,2.222222222,2.222222222,21.66666667,15.55555556,0,0,0,0,0,0,0,0,0,0,0,0,0,0,0,0,0.555555556,0,0,0,0,0,1.111111111,0,0,0,0,0,0,0,2.777777778,0,0,0,0,0,0,0,0,0,0,0,0,0,0,1.666666667,0,2.333333333,0,0,3.222222222,0,2.777777778
Kosrae,KOS-1,2011,50m,KCSO-ML/KVR-KA,UOGML/RC,PMRI-KIRMA-BMT-KCSO-KVR,Buoy-16,Outer,0,0.571428571,0,0,0,2.857142857,0,0,0,0,0,1.142857143,0,4,0,0,2.857142857,0.571428571,0,6.285714286,0,0,0,0,0,0,4,0,0,2.285714286,0,0,0,0,0,1.142857143,0,0,0,0,0,0,0,5.714285714,0,0,0.571428571,0.571428571,0.571428571,6.285714286,23.42857143,5.714285714,0,0,0,0,0,0,0,0.571428571,0,0,0,0,0,0,0,0,4.571428571,0,0,0,0,0,1.714285714,0,0,0.571428571,0,0,0,0,2.285714286,0,0,0,0,0,0,0,0,0,0,0,0,0,0,0,0,4.857142857,0,2.857142857,7.142857143,0,6.857142857
Kosrae,KOS-1,2011,50m,KCSO-ML/KVR-KA,UOGML/RC,PMRI-KIRMA-BMT-KCSO-KVR,Buoy-16,Outer,0,0,0,0,0,0,0,1.142857143,0,0,0,0,0,0,0,0,0,0,0,21.14285714,0,0,1.142857143,0,0.571428571,0,0,0,0,0,0,0,0,0,0,0,4,0,0,0,0,0,0,0,0,0,0,0,7.428571429,4.571428571,12,17.71428571,0,0,0,0,0,0,0,3.428571429,0,0,0,0,0,0,0,0,1.142857143,1.142857143,0,0,0,0,0,0,0,0,0,1.142857143,0,0,2.285714286,0,0,0,0,0,0,0,0,0,0,0,0,0,0,1.714285714,0,5.714285714,0,1.142857143,8,0,4.571428571
Kosrae,KOS-3,2011,50m,KCSO-ML/KVR-KA,UOGML/RC,PMRI-KIRMA-BMT-KCSO-KVR,Buoy-27,Outer,0,0,0,0,0,0,0,0,0,0,0,0,3.333333333,0,0,0,0.416666667,0,0,10,0,0,0,0,0,0,0,0,0,0.416666667,0,0,0,0,0,2.5,0,0,0,0,0,0,0,0,0,0,0,1.25,0,12.08333333,22.08333333,6.666666667,0,0,0,0,0,0,0,4.166666667,0,0,0,0,0,0,0,0,0,0,0,0,0,0,5.833333333,0,0,0,0,1.25,0,0,5,0,0,0,0,0,0,0,0,0,0,0,0,0,0,1.666666667,0,4.916666667,0,0.416666667,10.08333333,0,7.916666667
Kosrae,KOS-3,2011,50m,KCSO-ML/KVR-KA,UOGML/RC,PMRI-KIRMA-BMT-KCSO-KVR,Buoy-27,Outer,0,0,0,0,0.408163265,0,0,0,0,0,0,0,0,0,0,0,0,0,0,5.306122449,0,0.816326531,0.408163265,0,0,0,0,0,0,0,0,0,0,0,0,1.632653061,0,0,0,0,0,0,0,0,0,0,0,0.816326531,3.673469388,5.714285714,21.63265306,10.6122449,0,0,0,0,0,0,0,0.408163265,0,0,0,0,0,0,0,0,0,0.816326531,0,0,0,0,6.93877551,0,0,0,0,2.857142857,0,0,7.346938776,0,0,0,0,0,0,0,0,0,0,0,0,0,0,0.816326531,0,5.163265306,0,4.897959184,8.306122449,0,11.42857143
Kosrae,KOS-3,2011,50m,KCSO-ML/KVR-KA,UOGML/RC,PMRI-KIRMA-BMT-KCSO-KVR,Buoy-27,Outer,0,0,0,0,0,0,0,0,0,0,0,0,1.2,0,0,0,0,0,0,12.4,0,0,0,0,0.4,0,0,0,0,0.4,0,0,0,0,0,4,0,0,0,0,0,0,0,0,0,0,0,0,7.2,6.8,23.6,7.6,0,0,0,0,0,0,0,2.4,0,0,0,0,0,0,0,0,1.2,0,0,0,0,0,3.6,0,0,0,0,0,0,0,4,0,0,0,0,0,0,0,0,0,0,0,0,0,0,1.6,0,7.2,0,0.8,10.2,0,5.4
Kosrae,KOS-3,2011,50m,KCSO-ML/KVR-KA,UOGML/RC,PMRI-KIRMA-BMT-KCSO-KVR,Buoy-27,Outer,0,0,0,0,0,0,0,0,0,0,0,0,0,0,0,0,0,0,0,6.666666667,0,0,0,0,0,0,0,0,0,0,0,0,0,0,0,0,0,0,0,0,0,0,0,0,0,0,0,0,0,14.07407407,18.51851852,17.03703704,0,0,0,0,0,0,0,2.222222222,0,0,0,0,0,0,0,0,0,0,0,0,0,0,3.703703704,0,0,0,0,0,0,0,3.703703704,0,0,0,0,0,0,0,0,0,0,0,0,0,0,0,0,10.37037037,0,0,16.2962963,0,7.407407407
Kosrae,KOS-3,2011,50m,KCSO-ML/KVR-KA,UOGML/RC,PMRI-KIRMA-BMT-KCSO-KVR,Buoy-27,Outer,0,0.8,0,0,0,0,0,0,0,0,0,0,2.8,0,0,0,0.4,0,0,8.8,0,0,0,0,0,0,0,0.8,0,0,0,0,0,0,0,0,0,0,0,0,0,0,0,0.8,0,0,0,0,2.4,8.8,30.4,3.2,0,0,0,0,0,0,0,5.6,0,0,0,0.4,0,0,0,0,0,0,0,0,0,0,4,0,0,0,0,0,1.6,0,2.4,0,0,0,0,0,0,0,0,0,0,0,0,0,0,1.2,0,6.8,0,3.6,8.8,0,6.4
Kosrae,KOS-11,2011,50m,KCSO-ML/KVR-KA,UOGML/RC,PMRI-KIRMA-BMT-KCSO-KVR,Buoy-TS,Outer,0,0,0,0,0.4,0,0,0,0,0,0,0,10,0,0,0,0.4,0,0.4,1.2,0,1.6,0.8,0,0,0,0.8,0,0,0,0,0,0,0,0,0.4,0,0,0,0,0,0,0,0.4,0,0,0,0,0,12,13.6,16.8,0,0,0,0,0,0,0,0,0,0,0,0,0,0,0,0,1.2,0,0,0,0,0,6.4,0,0,0,0,0.4,0,0,0.8,0,0,0,0,0,0,0,0,0,0,0,0,0,0,1.6,0,9.6,0,0.4,15.4,0,5.4
Kosrae,KOS-11,2011,50m,KCSO-ML/KVR-KA,UOGML/RC,PMRI-KIRMA-BMT-KCSO-KVR,Buoy-TS,Outer,0,0,0,0,0,0,0,0,0,0,0,0,3.6,0,0,0,0,0,0,0.4,0,0.4,0,0,0,0,0,0,0,0.4,0,0,0,0,0,0.8,0,0,0,0,0,0,0,0,0,0,0,0.4,0.8,12.8,22.8,13.2,0,0,0,0,0,0,0,0,0,0,0,0,0,0,0,0,1.6,0,0,0,0,0,2.4,0,0,0,0,1.2,0,0,3.6,0,0,0,0,0,0,0,0,0,0,0,0,0,0,1.2,0,10.4,0,0,18,0,6
Kosrae,KOS-11,2011,50m,KCSO-ML/KVR-KA,UOGML/RC,PMRI-KIRMA-BMT-KCSO-KVR,Buoy-TS,Outer,0,0,0,0,0,0,0,0,0,0,0,0,10.4,0,0,0,0,0,0,0.4,0,0,0,0,0,0,0.8,0,0,0.4,0,0,0,0,0,0,0,0,0,0,0,0,0,0.8,0,0,0,2.4,0,18.8,3.6,10.8,0,0,0,0,0,0,0,0,0,0,0,0,3.2,0,0,0,0.4,0,0,0,0,0,0,0,0,0,0,0,0.4,0,1.6,0,0,0,0,0,0,0,0,0,0,0,0,0,0,0,0,17.6,0,0.8,23.2,0,4.4
Kosrae,KOS-11,2011,50m,KCSO-ML/KVR-KA,UOGML/RC,PMRI-KIRMA-BMT-KCSO-KVR,Buoy-TS,Outer,0,0,0,0,0,0,0,0,0,0,0,0,7.407407407,0,0,0,0,0,0,0,0,0,0,0,0,0,0,0,0,0,0,0,0,0,0,0,0,0,0,0,0,0,0,0.740740741,0,0,0,1.481481481,0,8.888888889,9.62962963,7.407407407,0,0,0,0,0,0,0,4.444444444,0,0,0,0,3.703703704,0,0,0,8.888888889,0,0,0,0,0,0.740740741,0,0,0,0,0,1.481481481,0,0.740740741,0,0,0,0,0,0,0,0,0,0,0,0,0,0,0.740740741,0,14.81481481,0,0,25.18518519,0,3.703703704
Kosrae,KOS-11,2011,50m,KCSO-ML/KVR-KA,UOGML/RC,PMRI-KIRMA-BMT-KCSO-KVR,Buoy-TS,Outer,0,0,0,0,0,0,0,0,0,0,0,0,14.8,0,0,0,0,0,0,0.8,0,0,0,0,0,0,0,0,0,0.8,0,0,0,0,0,0,0,0,0,0,0,0,0,0,0,0,0,0,3.2,11.2,10.8,11.2,0,0,0,0,0,0,0,0.4,0,0,0,0,0,0,0,0,0.8,0,0,0,0,0,0,0,0,0,0,0,0,0,0.4,0,0,0,0,0,0,0,0,0,0,0,0,0,0,0,0,14.4,0,1.6,22,0,7.6
Kosrae,KOS-9,2011,50m,KCSO-ML/KVR-KA,UOGML/RC,PMRI-KIRMA-BMT-KCSO-KVR,Buoy-39,Outer,0,0,0,0,0,0,0,0,0,0,0,0,13.2,0,0,0,0,0,0,0.4,0,0.4,5.6,0,0,0,0,0,0,0.4,0,0,0,0,0,4,0,0,0,0,0,0,0,0,0,0,0.4,0,6.4,0.8,4,2.8,0,0,0,0,0,0,0,0.4,0,0,0,0,0,0,0,0,0.8,0,0,0,0,0,5.6,0,0,0,0,0,0,0,2.4,0,0,0,0,0,0,0,0,0,0,0,0,0,0,6.4,0,18.8,0,1.2,14.6,0,11.4
Kosrae,KOS-9,2011,50m,KCSO-ML/KVR-KA,UOGML/RC,PMRI-KIRMA-BMT-KCSO-KVR,Buoy-39,Outer,0,0,0,0,0,0,0,0,0,0,0,0,5.6,0,0,0.4,0,0,0,0,0,0.4,0,0,0,0,1.2,0,0,0,0,0,0,0,0,3.2,0,0,0,0,0,0,0,0,0,0,0,1.2,3.2,4.8,31.2,6,0,0,0,0,0,0,0,0,0,0,0,0,0,0,0,0,3.2,0,0,0,0,0,4.4,0,0,0,0,0,0,0,0.8,0,0,0,0,0,0,0,0,0,0,0,0,0,0,2.8,0,14,0,0,9.2,0,8.4
Kosrae,KOS-9,2011,50m,KCSO-ML/KVR-KA,UOGML/RC,PMRI-KIRMA-BMT-KCSO-KVR,Buoy-39,Outer,0,0,0,0,0,0,0,0,0,0,0,0,4.444444444,0,0,0,0,0,0,0,0,0,0,0,0,0,0,0,0,0.444444444,0,0,0,0,0,0,0,0,0,0,0,0,0,0.444444444,0,0,0,0,9.777777778,5.333333333,11.55555556,8.444444444,0,0,0,0,0,0,0,0,0,0,0,0,1.777777778,0,0,0,0.444444444,0,0,0,0,0,0.444444444,0,0,0,0,0,0.888888889,0,3.111111111,0,0,0,0,0,0,0,0,0,0,0,0,0,0,3.555555556,0,16,0,3.555555556,15.88888889,0,13.88888889
Kosrae,KOS-9,2011,50m,KCSO-ML/KVR-KA,UOGML/RC,PMRI-KIRMA-BMT-KCSO-KVR,Buoy-39,Outer,0,0,0,0,0,0,0,0,0,0,0,0,3.2,0,0,0,0,0,0,0,0,0,0,0,0,0,0.4,0,0,0,0,0,0,0,0,0.4,0,0,0,0,0,0,0,0,0,0,0,0,4,6,14.4,18.8,0,0,0,0,0,0,0,0,0,0,0,0,4,0,0,0,0.4,0,0,0,0,0,0,0,0,0,0.4,0,0,0,4,0,0,0,0,0,0,0,0,0,0,0,0,0,0,3.2,0,14,0,2,17.4,0,7.4
Kosrae,KOS-6,2009,50m,KCSO-ML/KVR-KA,UOGML/RC,PMRI-KIRMA-BMT-KCSO-KVR,Buoy-4,Outer,0,16.73469388,0,0,0,0,0,0,0,0,0,0,0,0,0,0,0,0,0,2.040816327,0,0,0,0,0,0,0,0,0,0,0,0,0,0,0,1.632653061,0,0,0,0,0,0,0,7.755102041,0,0,0.816326531,8.571428571,0,0,6.530612245,1.632653061,0,0,0,0,0,0,0.408163265,0,0,0,0,0,0,0,0,0,0,0,0,0,0,0,0,0,0,0,0,0,0,0,5.714285714,0,0,0,0,0,3.265306122,0,0,0,0,0,0,0,0,0,0,21.63265306,0,0,0.408163265,0,22.85714286
Kosrae,KOS-6,2009,50m,KCSO-ML/KVR-KA,UOGML/RC,PMRI-KIRMA-BMT-KCSO-KVR,Buoy-4,Outer,0,17.2,0,0,0,0,0,0,0,0,0,0,0,0,0,0,0,0,0,8,0,0,0,0,0,0,10.8,0,0,0,0,0,0,0,0,0,0,0,0,0,0.4,0,0,2,0,0,0,4.8,0,0,10,2,0,0,0,0,0,0,0,0,0,0,0,0,0,0,0,0,0,0,0,0,0,0,0,0,0,0,0,0,0,0,6.4,0,0,0,0,0,9.2,0,0,0,0,0,0,0,0,0,0,14.4,0,0,0,0,14.8
Kosrae,KOS-6,2009,50m,KCSO-ML/KVR-KA,UOGML/RC,PMRI-KIRMA-BMT-KCSO-KVR,Buoy-4,Outer,0,23.6,0,0,0,0,0,0,0,0,0,0,0,0,0,0,0,0,0,13.2,0,0,1.2,0,0,0,0,0,0.4,0,0,0,0,0,0,0.8,0,0,0,0,0,0,0.4,0.4,0,0,0,10.8,0,0,1.6,8.4,0,0,0,0,0,0,0,0,0,0,0,0,0,0,0,0,0,0,0,0,0,0,0,0,0,0,0,0,0,0,13.6,0,0,0,0,0,0.8,0,0,0,0,0,0,0,0,0,0,11.6,0,0,0,0,13.2
Kosrae,KOS-6,2009,50m,KCSO-ML/KVR-KA,UOGML/RC,PMRI-KIRMA-BMT-KCSO-KVR,Buoy-4,Outer,0,33.6,0,0,0,0,0,0,0,0,0,0,0,0,0,0,0,0,0,2.8,0,0,0,0,0,0,0,0,0,0,0,0,0,0,0,0.8,0,0,0,0,0,0,0,1.6,0,0,0,3.2,0,0,3.6,2,0,0,0,0,0,0,0.4,0,0,0,0,0,0,0,0,0,0.4,0,0,0,0,0,0,0,0,0,0,0,0,0,7.2,0,0,0,0,0,3.2,0,0,0,0,0,0,0,0,0,0,23.2,0,0,0,0,18
Kosrae,KOS-14,2009,50m,KCSO-ML/KVR-KA,UOGML/RC,PMRI-KIRMA-BMT-KCSO-KVR,Buoy 13,Outer,0,6.4,0,0,0,0,0,0,0,0,0,0,0,0,0,0,0,0,0.4,0.4,0,0,0,0,0,0,0,0,0,0,0,1.6,0,0,0.4,1.2,0,0,0,0,0.4,0,0,14.8,0,0,0.4,0.8,0,0,0,6,0,0,0,0,0,0,0.4,0,0,0,0,0,0,0,0,0,0,0.4,0,0,0,0,0,0,0,0,0,0,0,0,1.6,0,0,0,0,0,0,0,0,0,0,0,0,0,0,0,0,36.8,0,0.4,0,0,27.6
Kosrae,KOS-14,2009,50m,KCSO-ML/KVR-KA,UOGML/RC,PMRI-KIRMA-BMT-KCSO-KVR,Buoy 13,Outer,0,11.2,0,0,0,0,0,0,0,0,0,0,0,0,0,0,0.4,0,0.8,9.6,0,0,0,0,0,0,3.6,0,0,0,0,0,0,0,0,1.2,0,0,0,0,1.2,0,0,8.4,0,0,1.2,3.6,0,0,5.2,14,0,0,0,0,0,0,0,0,0,0,0,0,0,0,0,0,0,0,0,0,0,0,0,0,0,0,0,0,0,0,4,0,0,0,0,0,0,0,0,0,0,0,0,0,0,0,0,22.4,0,0,0.4,0,12.8
Kosrae,KOS-14,2009,50m,KCSO-ML/KVR-KA,UOGML/RC,PMRI-KIRMA-BMT-KCSO-KVR,Buoy 13,Outer,0,3.2,0,0,0,0,0,0,0,0,0,0,0,0,0,0,0.4,0,0,3.2,0,0,0,0,0,0,7.6,0,0,0,0,0,0,0,0,1.6,0,0,0,0,0.4,0,0,8.4,0,0,0.4,2,0,0,33.6,5.6,0,0,0,0,0,0,0,2,0,0,0,0,0,0,0,0,0,0,0,0,0,0,0,0,0,0,0,0,0,0,2.8,0,0,0,0,0,1.2,0,0,0,0,0,0,0,0,0,0,14.8,0,0,0,0,12.8
Kosrae,KOS-14,2009,50m,KCSO-ML/KVR-KA,UOGML/RC,PMRI-KIRMA-BMT-KCSO-KVR,Buoy 13,Outer,0,17.6,0,0,0,0,0,0,0,0,0,0,0,0,0,0,0,0,0,2.4,0,0,0,0,0,0,3.6,0,0,0,0,0,0,0,0,0.4,0,0,0,0,0.4,0,0,12.8,0,0,0.4,10.8,0,0,1.2,0.4,0,0,0,0,0,0,0,0.8,0,0,0,0,0,0,0,0,0,0,0,0,0,0,0,0,0,0,0,0,0,0,0,0,0,0,0,0,0,0,0,0,0,0,0,0,0,0,0,30,0,0.4,0,0,18.8
Kosrae,KOS-15,2009,50m,KCSO-ML/KVR-KA,UOGML/RC,PMRI-KIRMA-BMT-KCSO-KVR,Buoy 34,Outer,0,0,0,0,0,0,0,0,0,0,0,0,0,0,0,0,0,0,0,2.8,0,0,0,0,0,0,0,0,0,0,0,0,0,0,0,4.8,0,0,0,0,0,0,0,0.4,0,0,0,3.2,0,0,6.4,0.4,0,0,0,0,0,0,0,0,0,0,0,0,0,0,0,0,0,0,0,0,0,0,0,0,0,0,0,0,0,0,2,0,0,0,0,0,1.2,0,0,0,0,0,0,0,0,0,0,45.6,0,1.2,0,0,32
Kosrae,KOS-15,2009,50m,KCSO-ML/KVR-KA,UOGML/RC,PMRI-KIRMA-BMT-KCSO-KVR,Buoy 34,Outer,0,0,0,0,0,0,0,0,0,0,0,0,0,0,0,0,1.6,0,0,0.4,0,0,0,0,0,0,0,0,0,0,0,0,0,0,0.4,3.6,0,0,0,0,0,0,0,2.4,0,0,0,0.8,0,0,0,0,0,0,0,0,0,0,0,0,0,0,0,0,0,0,0,0,1.6,0,0,0,0,0,0,0,0,0,0,0,0,0,0,0,0,0,0,0,0.4,0,0,0,0,0,0,0,0,0,0,42.4,0,0,0,0,46.4
Kosrae,KOS-15,2009,50m,KCSO-ML/KVR-KA,UOGML/RC,PMRI-KIRMA-BMT-KCSO-KVR,Buoy 34,Outer,0,0,0,0,0,0,0,0,0,0,0,0,0,0,0,0,0.4,0,0,0,0,0,0,0,0,0,0,0,0,0,0,0,0,0,0,4.8,0,0,0,0,0,0,0,5.6,0,0,0,0.8,0,0,0,0,0,0,0,0,0,0,0,0,0,0,0,0,0,0,0,0,1.2,0,0,0,0,0,0,0,0,0,0,0,0,0,1.6,0,0,0,0,0,0,0,0,0,0,0,0,0,0,0.4,0,48,0,0,0,0,37.2
Kosrae,KOS-15,2009,50m,KCSO-ML/KVR-KA,UOGML/RC,PMRI-KIRMA-BMT-KCSO-KVR,Buoy 34,Outer,0,0,0,0,0,0,0,0,0,0,0,0,0,0,0,0,0.4,0,0,0,0,0,0,0,0,0,0,0,0,0,0,0,0,0,0,2.8,0,0,0,0,0,0,0,2,0,0,0,1.2,0,0,2.4,0,0,0,0,0,0,0,0,0,0,0,0,0,0,0,0,0,0,0,0,0,0,0,0,0,0,0,0,0,0,0,1.2,0,0,0,0,0,0,0,0,0,0,0,0,0,0,0,0,50,0,1.6,1.2,0,37.2
Kosrae,KOS-16,2009,50m,KCSO-ML/KVR-KA,UOGML/RC,PMRI-KIRMA-BMT-KCSO-KVR,Buoy 44,Outer,0,0,0,0,0,0,0,0,0,0,0,0,0,0,0,0,2,0,0,0,0,0,0,0,0.4,0,0.4,0,0,0,0,0,0,0,0.4,10,0,0,0,0,0,0,0,13.6,0,0,0,6.4,0,0,0,1.6,0,0,0,0,0,0,0,0,0,0,0,0,0,0,0.4,0,6.4,0,0,0,0,0,0,0,0,0,0,0,0,0,0.8,0,0,0,0,0,1.6,0,0,0,0,0,0,0,0,0,0,31.6,0,0,0,0,24.4
Kosrae,KOS-16,2009,50m,KCSO-ML/KVR-KA,UOGML/RC,PMRI-KIRMA-BMT-KCSO-KVR,Buoy 44,Outer,0,0.4,0,0,0,0,0,0,0,0,0,0,0.4,0,0,0,2.4,0,0,2.4,0,0,0,0,0.4,0,0,0,0,0,0,0,0,0,0.4,10.4,0,0,0,0,0,0,0,9.6,0,0,0,7.2,0,0,0.4,4,0,0,0,0,0,0,0,0,0,0,0,0,0,0,0,0,3.2,0,0,0,0,0,0,0,0,0,0,0,0,0,0,0,0,0,0,0,2.4,0,0,0,0,0,0,0,0,0,0,24,0,0,0.8,0,31.6
Kosrae,KOS-16,2009,50m,KCSO-ML/KVR-KA,UOGML/RC,PMRI-KIRMA-BMT-KCSO-KVR,Buoy 44,Outer,0,0,0,0,0,0,0,0,0,0,0,0,0,0,0,0,2.8,1.2,0,0.4,0,0,0,0,0.8,0,0,0,0,0,0,0,0,0,0,12.4,0,0,0,0,0,0,0,5.6,0,0,0,4.8,0,0,0,3.2,0,0,0,0,0,0,0,0,0,0,0,0,0,0,0,0,3.6,0,0,0,0,0,0,0,0,0,0,0,0,0,0.8,0,0,0,0,0,0.8,0,0,0,0,0,0,0,0,0,0,40,0,0,0.4,0,23.2
Kosrae,KOS-16,2009,50m,KCSO-ML/KVR-KA,UOGML/RC,PMRI-KIRMA-BMT-KCSO-KVR,Buoy 44,Outer,0,0,0,0,0,0,0,0,0,0,0,0,0,0,0,0,0,5.2,0,0.4,0,0,0,0,0.4,0,0,0,0,0,0,0,0,0,0,9.6,0,0,0,0,0.8,0,0,7.6,0,0,0.4,4.4,0,0,0.4,1.2,0,0,0,0,0,0,0.4,2,0,0,0,0,0,0,0.4,0,3.2,0,0,0,0,0,0,0,0,0,0,0,0,0,0,0,0,0,0,0,0.4,0,0,0,0,0,0,0,0,0,0,45.2,0,0,0,0,18
Kosrae,KOS-17,2009,50m,KCSO-ML/KVR-KA,UOGML/RC,PMRI-KIRMA-BMT-KCSO-KVR,Buoy 50,Outer,0,21.6,0,0,0,0,0,0,0,0,0,0,0,0,0,0,2,0,0,0,0,0,0,0,0,0,9.2,0,0,0,0,0,0,0,0,6.8,0,0,0,0,0,0,0,4,0,0,0.4,7.2,0,0,9.2,2,0,0,0,0,0,0,0,0.4,0,0,0,0,0,0,0,0,0.8,0,0,0,0,0,0,0,0,0,0,0,0,0,2,0,0,0,0,0,0,0,0,0,0,0,0,0,0,0,0,17.2,0,0,0,0,17.2
Kosrae,KOS-17,2009,50m,KCSO-ML/KVR-KA,UOGML/RC,PMRI-KIRMA-BMT-KCSO-KVR,Buoy 50,Outer,0,28.22580645,0,0,0,0,0,0,0,0,0,0,0,0,0,0,0,0,0,1.209677419,0,0,0,0,0,0,4.435483871,0,0,0,0,0,0,0,0,1.209677419,0,0,0,0,0.403225806,0,0.403225806,21.77419355,0,0,0.403225806,2.822580645,0,0,5.64516129,1.612903226,0,0,0,0,0,0,0,0.403225806,0,0,0,0,0,0,0,0,1.612903226,0,0,0,0,0,0,0,0,0,0,0,0,0,0.806451613,0,0,0,0,0,1.612903226,0,0,0,0,0,0,0,0,0,0,10.88709677,0,0,0,0,16.53225806
Kosrae,KOS-17,2009,50m,KCSO-ML/KVR-KA,UOGML/RC,PMRI-KIRMA-BMT-KCSO-KVR,Buoy 50,Outer,0,28,0,0,0,0,0,0,0,0,0,0,0,0,0,0,0.4,0,0,0.4,0,0,0,0,0,0,0,0,0,0,0,0,0,0,0,1.2,0,0,0,0,0,0,0,8.4,0,0,0.4,2.4,0,0,2.8,11.6,0,0,0,0,0,0,0,0,0,0,0,0,0,0,0,0,0,0,0,0,0,0,0,0,0,0,0,0,0,0,2.4,0,0,0,0,0,0,0,0,0,0,0,0,0,0,0,0,18,0,0,0,0,24
Kosrae,KOS-17,2009,50m,KCSO-ML/KVR-KA,UOGML/RC,PMRI-KIRMA-BMT-KCSO-KVR,Buoy 50,Outer,0,38.8,0,0,0,0,0,0,0,0,0,0,0,0,0,0,0,0,0,0,0,0,0,0,0,0,0.4,0,0,0,0,0,0,0,0,2.4,0,0,0,0,0.8,0,0.4,4.4,0,0,0,0.4,0,0,3.6,4,0,0,0,0,0,0,0,0,0,0,0,0,0,0,0,0,1.6,0,0,0,0,0,0,0,0,0,0,0,0,0,1.6,0,0,0,0,0,0,0,0,0,0,0,0,0,0,0,0,10.8,0,0,0,0,30.8
Kosrae,KOS-18,2009,50m,KCSO-ML/KVR-KA,UOGML/RC,PMRI-KIRMA-BMT-KCSO-KVR,Buoy 52,Outer,0,3.2,0,0,0,0,0,0,0,0,0,0,0,0,0,0,1.6,0.4,0,0,0,0,0,0,0,0,0,0,0,0,0,0,0,0,0.4,2.8,0,0,0,0,2,0,0,6,0,0,0,1.6,0,0,0,0,0,0,0,0,0,0,0,0,0,0,0,0,0,0,0,0,0,0.8,0,0,0,0,0,0,0,0,0,0,0,0,0.8,0,0,0,0,0,0,0,0,0,0,0,0,0,0,0,0,30.8,0,0,0,0,49.6
Kosrae,KOS-18,2009,50m,KCSO-ML/KVR-KA,UOGML/RC,PMRI-KIRMA-BMT-KCSO-KVR,Buoy 52,Outer,0,2.8,0,0,0,0,0,0,0,0,0,0,0,0,0,0,0.8,0,0,0,0,0,0,0,0,0,0,0,0,0,0,0,0,0,0,3.6,0,0,0.4,0,0.8,0,0,1.2,0,0,0,2,0,0,0,0,0,0,0,0,0,0,0,0,0,0,0,0,0,0,0,0,0,0,0,0,0,0,0,0,0,0,0,0,0,0,0.4,0,0,0,0,0,0,0,0,0,0,0,0,0,0,0,0,29.2,0,0,0,0,58.8
Kosrae,KOS-18,2009,50m,KCSO-ML/KVR-KA,UOGML/RC,PMRI-KIRMA-BMT-KCSO-KVR,Buoy 52,Outer,0,10,0,0,0,0,0,0,0,0,0,0,0,0,0,0,0.8,0,0.4,0,0,0,0,0,0,0,0,0,0,0,0,0,0,0,0,3.6,0,0,0,0,0,0,0,2.8,0,0,0,3.6,0,0,0,1.6,0,0,0,0,0,0,0,0,0,0,0,0,0,0,0,0,0,0,0,0,0,0,0,0,0,0,0,0,0,0,1.6,0,0,0,0,0,0,0,0,0,0,0,0,0,0,0,0,27.6,0,0,0,0,48
Kosrae,KOS-18,2009,50m,KCSO-ML/KVR-KA,UOGML/RC,PMRI-KIRMA-BMT-KCSO-KVR,Buoy 52,Outer,0,2,0,0,0,0,0,0,0,0,0,0,0,0,0,0,3.6,0,0,0,0,0,0,0,0,0,0,0,0,0,0,0,0,0,0.4,4.4,0,0,0,0,0,0,0,3.2,0,0,0.4,3.2,0,0,0,0,0,0,0,0,0,0,0,0,0,0,0,0,0,0,0,0,0,0.4,0,0,0,0,0,0,0,0,0,0,0,0,0.4,0,0,0,0,0,0,0,0,0,0,0,0,0,0,0,0,32.4,0,0,0,0,49.6
Kosrae,KOS-16,2014,50m,ML,MM,KCSO-KIRMA-UOGML,Buoy 44,Outer,0,0,0,0,0,0,0,0,0,0,0,0,3.2,0,0,0,0.8,0.4,0,0,0,0.8,0,0,0.4,0,0,0,0.8,3.2,0,0,0,0,0,0,0,0,0.4,0,0,0,0,2.4,0,0,0.8,3.2,0,0,2,2.8,0,0,0,0,0,0,0,0,0,0,0,0,0,0,0,0,2.4,0,0,0,0,0,0,0,0,0,0,0,0,0,1.6,0,0,0,0,0,0,0,0,0,0,0,0,0,0,1.2,0,47.6,0,0,24.4,0,1.6
Kosrae,KOS-16,2014,50m,ML,MM,KCSO-KIRMA-UOGML,Buoy 44,Outer,0,0,1.219512195,0,0,0,0,0,0,0,0,0,0,0,0,0,0.406504065,1.219512195,0,0.406504065,0,3.25203252,0,0,0,0,0.406504065,0,0.406504065,3.658536585,0,0,0,0,0.406504065,2.032520325,0,0,0,0,0,0,0,3.658536585,0,0,0.406504065,0.81300813,0,0,2.032520325,0.406504065,0,0,0,0,0,0,0,0,0,0,0,0,0,0,0,0,0.81300813,0,0,0,0,0,0,0,0,0,0,0,0,0,1.219512195,0,0,0,0,0,0,0,0,0,0,0,0,0,0,0,0,42.27642276,0,0,31.70731707,0,3.25203252
Kosrae,KOS-16,2014,50m,ML,MM,KCSO-KIRMA-UOGML,Buoy 44,Outer,0,0,0,0,0,0,0,0,0,0,0,0,0.4,0,0,0,1.2,0.8,0,1.2,0,2.8,0,0,0,0,0,0,0.4,1.6,0,0,0,0,0,0,0,0,0,0,0,0,0,2.4,0,0,0,0,0.4,0,0,0.8,0,0,0,0,0,0,0,0,0,0,0,0,0,0,0,0,0.4,0,0,0,0,0,0,0,0,0,0,0,0,0,1.2,0,0,0,0,0,0,0,0,0,0,0,0,0,0,0.4,0,48.4,0,0,31.2,0,6.4
Kosrae,KOS-16,2014,50m,ML,MM,KCSO-KIRMA-UOGML,Buoy 44,Outer,0,0,0,0,0,0,0,0,0,0,0,0,1.2,0,0,0,0.8,0.8,0,0.4,0,0,0,0,0,0,0,0,0,2.4,0,0,0,0,0,0,0,0,0,0,0,0,0,0.8,0,0,0,2.4,0,0,2.4,0.4,0,0,0,0,0,0,0,0,0,0,0,0,0,0,0,0,4,0.4,0,0,0,0,0,0,0,0,0,0,0,0,1.2,0,0,0,0,0,0,0,0,0,0,0,0,0,0,0,0,31.6,0,0,41.6,0,9.6
Kosrae,KOS-16,2014,50m,ML,MM,KCSO-KIRMA-UOGML,Buoy 44,Outer,0,0,0,0,0,0,0,0,0,0,0,0,1.224489796,0,0,0,0,0,0,0,0,1.224489796,0,0,0,0,0,0,1.632653061,2.448979592,0,0,0,0,0,1.224489796,0,0,0,0,0,0,0,1.224489796,0,0,0,1.632653061,0,0,1.224489796,0,0,0,0,0,0,0,0,2.040816327,0,0,0,0,0,0,0,0,1.632653061,1.632653061,0,0,0,0,0,0,0,0,0,0,0,0,0.408163265,0,0,0,0,0,0,0,0,0,0,0,0,0,0,0,0,40,0,0,33.46938776,0,8.979591837
Kosrae,KOS-11,2014,50m,ML,MM,KCSO-KIRMA-UOGML,Buoy-TS,Outer,0,0,0,0,0,0,0,0,0,0,0,0,17.9916318,0,0,0,0.418410042,0,0,0,0.418410042,0,1.255230126,0,0,0,0,0,0,0,0,0,0,0,0,0,0,0,0,0,0,0,0,0,0,0,0.418410042,2.510460251,1.255230126,0,20.08368201,15.48117155,0,0,0,0,0,0,0,0,0,0,0,0,0,0,0,0,10.87866109,0,0,0,0,0,0,0,0,0,0,0,0,0,1.673640167,0,0,0,0,0,0,0,0,0,0,0,0,0,0,0,0,12.9707113,0,0,10.041841,0,4.60251046
Kosrae,KOS-11,2014,50m,ML,MM,KCSO-KIRMA-UOGML,Buoy-TS,Outer,0,0,0,0,0,0,0,0,0,0,0,0,8.4,0,0,0,0.4,0,0,0,0,0,3.6,0,0,0,0,0,0,0.4,0,0,0,0,0,0,0,0,0,0,0,0,0,0,0,0,0,4,1.6,0,14.4,14,0,0,0,0,0,0,0,0,0,0,0,0,0,0,0,0,10.8,0.8,0,0,0,0,0,0,0,0,0,0,0,0,0,0,0,0,0,0,0,0,0,0,0,0,0,0,0,0.4,0,15.6,0,0,20.4,0,5.2
Kosrae,KOS-11,2014,50m,ML,MM,KCSO-KIRMA-UOGML,Buoy-TS,Outer,0,0,0,0,0,0,0,0,0,0,0,0,6.4,0,0,0,0,0,0,1.2,0,0,1.2,0,0.8,0,0,0,0,1.6,0,0,0,0.4,0,0,0,0,0,0,0,0,0,0.4,0,0,0,4.4,0.8,0,5.2,24.8,0,0,0,0,0,0,0,0,0,0,0,0,0,0,0.4,0,4.4,0.4,0,0,0,0,0,0,0,0,0,0,0,0,0,0,0,0,0,0,0,0,0,0,0,0,0,0,0,0,0,25.6,0,0,21.6,0,0.4
Kosrae,KOS-11,2014,50m,ML,MM,KCSO-KIRMA-UOGML,Buoy-TS,Outer,0,0,0,0,0,0,0,0,0,0,0,0,5.6,0,0,0,0,0,0,0.8,0,0,0,0,0,0,0,0,0.4,1.6,0,0.4,0,1.2,0,0,0,0,0,0,0,0,0,0.8,0,0,0,0.8,2,0,3.2,31.2,0,0,0,0,0,0,0,0.4,0,0,0,0,0,0,0,0,7.2,0,0,0,0,0,0,0,0,0,0,0,0,0,1.6,0,0,0,0,0,0,0,0,0,0,0,0,0,0,0,0,20.4,0,0,20.8,0,1.6
Kosrae,KOS-11,2014,50m,ML,MM,KCSO-KIRMA-UOGML,Buoy-TS,Outer,0,0,0,0,0,0,0,0,0,0,0,0,2.745098039,0,0,0,0,0,0,0.392156863,0,0.784313725,0.392156863,0,0,0,0,0,0.784313725,0.784313725,0,0,0,0,0,0,0,0,0,0,0,0,0,0,0,0,0,1.568627451,3.137254902,0,10.98039216,33.7254902,0,0,0,0,0,0,0,0,0,0,0,0,0,0,0,0,1.960784314,0,0,0,0,0,0,0,0,0,0,0,0,0,1.176470588,0,0,0,0,0,0,0,0,0,0,0,0,0,0,0,0,18.03921569,0,0,21.17647059,0,2.352941176
Kosrae,KOS-19,2014,50m,ML,MM,KCSO-Fisheries-KVR-KIRMA-UOGML,Buoy 20,Outer,0,0,0,0,0,0,0,0,0,0,0,0,0,0,0,0,0,0,0.8,3.6,0,0,0,0,0,0,0,0,0,3.2,0,0,0,0,0,0.8,0,0,0,0,0,0,0,3.6,0,0,0,2.4,2.4,0,1.6,8,0.4,0,0,0,0,0,0.4,0,0,0,0,0,0,0,0,0,0,0,0,0,0,0,0.4,0,0,0,0,0,0,0,7.6,0,0,0,0,0,0,0,0,0,0,0,0,0,0,0,0,27.2,0,0.8,23.6,0.8,12.4
Kosrae,KOS-19,2014,50m,ML,MM,KCSO-Fisheries-KVR-KIRMA-UOGML,Buoy 20,Outer,0,0,0,0,0,0,0,0,0,0,0,0,0,0,0,0,0,0,0,9.836065574,0,0,0,0,0,0,0,0,0,2.049180328,0,0,0,0,0,0,0,0,0,0,0,0,0,9.426229508,0,0,0,4.508196721,2.049180328,0,4.508196721,6.557377049,0,0,0,0,0,0,0,0.409836066,0,0,0,0,0,0,0,0,0.819672131,0,0,0,0,0,1.229508197,0,0,0,0,0,0,0,4.508196721,0,0,0,0,0,0,0,0,0,0,0,0,0,0,0,0,20.49180328,0,0,22.54098361,0.819672131,10.24590164
Kosrae,KOS-19,2014,50m,ML,MM,KCSO-Fisheries-KVR-KIRMA-UOGML,Buoy 20,Outer,0,0,0,0,0.4,0,0,0,0,0,0,0,0,0,0,0,0.8,0,0,6.8,0,0.4,0,0,0,0,0,0,0,2.8,0,0,0,0,0,0.8,0,0,0,0,0,0,0,2.8,0,0,0,4,2.4,0,0,6,0,0,0,0,0,0,0,0,0,0,0,0,0,0,0,0,0.4,0,0,0,0,0,0.4,0,0,0,0,0,0,0,5.2,0,0,0,0,0,0,0,0,0,0,0,0,0,0,0,0,28.8,0,0.4,27.6,1.6,8.4
Kosrae,KOS-19,2014,50m,ML,MM,KCSO-Fisheries-KVR-KIRMA-UOGML,Buoy 20,Outer,0,0,0,0,0,0,0,0,0,0,0,0,0,0,0,0,0,0.4,0.4,8.4,0,0.8,0,0,0,0,0,0,0,4,0,0,0,0,0,0.4,0,0,0,0,0,0,0,6,0,0,0,4,2.4,0,10.8,10.8,0,0,0,0,0,0,0,0,0,0,0,0,0,0,0,0,0,0,0,0,0,0,0,0,0,0,0,0,0,0,5.6,0,0,0,0,0,0,0,0,0,0,0,0,0,0,0,0,16.8,0,0,16,0.8,12.4
Kosrae,KOS-19,2014,50m,ML,MM,KCSO-Fisheries-KVR-KIRMA-UOGML,Buoy 20,Outer,0,0,0,0,0,0.4,0,0,0,0,0,0,0,0,0,0,0,0,0,5.2,0,0.4,0,0,0,0,0,0,0,8.8,0,0,0,0,0,0.4,0,0,0,0,0,0,0,8.8,0,0,0,2.4,1.6,0,0.4,4,0,0,0,0,0,0,0,0,0,0,0,0,0,0,0,0,0,0.4,0,0,0,0,0,0,0,0,0,0,0,0,4.8,0,0,0,0,0,0,0,0,0,0,0,0,0,0,0,0,21.2,0,0,22.4,5.6,13.2
Kosrae,KOS-1,2014,50m,ML,MM,KCSO-Fisheries-KVR-KIRMA-UOGML,Buoy-16,Outer,0,0.4,3.2,0,0,0.4,0,0,0,0,0,0,0,0,0,0,0,0.4,0,12,0,0,1.6,0,0,0,0,0,0,3.6,0,0,0,0,0.4,0.4,0.8,0,0.4,0,0,0,0,0,0,0,0,2.4,4,0,16,18.8,0,0,0,0,0,0,0,0.8,0.4,0.8,0,0,0,0,0,0,3.6,0,0,0,0,0,0.4,0,0,0,0,0,0,0,2,0,0,0,0,0,0,0,0,0,0,0,0.8,0,0,1.2,0,11.6,0,0,7.6,0,6
Kosrae,KOS-1,2014,50m,ML,MM,KCSO-Fisheries-KVR-KIRMA-UOGML,Buoy-16,Outer,0,2.857142857,0,0,0,0.408163265,0,0,0,0,0,0,0.816326531,0,0,0,0,0,0,20.40816327,0,0,0,0,0,0,0,0,0,1.632653061,0,0,0,0,0,0.816326531,0,0,0.408163265,0,1.632653061,0,0,0,0,0,0.408163265,6.12244898,6.93877551,0,10.20408163,12.65306122,0,0,0,0,0,0,0,0,0,0.816326531,0,0,0,0,0,0,0,0,0,0,0,0,2.040816327,0,0,0,0,0,0,0,2.040816327,0,0,0,0,0,0,0,0,0,0,0,0,0,0,0.816326531,0,11.02040816,0,0,7.755102041,0,10.20408163
Kosrae,KOS-1,2014,50m,ML,MM,KCSO-Fisheries-KVR-KIRMA-UOGML,Buoy-16,Outer,0,2.8,0,0,0,0.4,0,0,0,0,0,0,0.8,0,0,0,0,0,0,20,0,0,0,0,0,0,0.8,0,0,1.6,0,0,0,0,0,0.8,0,0,1.2,0,1.6,0,0,0,0,0,0.4,6,6.8,0,10,12.4,0,0,0,0,0,0,0,0,0,0.8,0,0,0,0,0,0,0,0,0,0,0,0,2,0,0,0,0,0,0,0,2,0,0,0,0,0,0,0,0,0,0,0,0,0,0,1.2,0,10.8,0,0,7.6,0,10
Kosrae,KOS-1,2014,50m,ML,MM,KCSO-Fisheries-KVR-KIRMA-UOGML,Buoy-16,Outer,0,0.4,0,0,0,1.2,0,0,0,0,0,0,0,0,0,0,0,0.4,0,6.4,0,0,0,0,0,0,4.8,0,0,0.8,0,0,0,0,0,0.8,0,0,0,0,0.4,0,0,1.6,0,0,0,4.8,6,0,26,7.2,0,0,0,0,0,0,0,0,0,0,0,0.4,0,0,0,0,0,0,0,0,0,0,0.8,0,0,0,0,0,0,0,1.2,0,0,0,0,0,0,0,0,0,0,0,0,0,0,2.4,0,11.2,0,0,8.4,0,14.8
Kosrae,KOS-1,2014,50m,ML,MM,KCSO-Fisheries-KVR-KIRMA-UOGML,Buoy-16,Outer,0,0,0,0,0,1.2,0,0,0,0,0,0,0.4,0,0,0.4,0,0,0,9.2,0,0,0,0,0,0,0.8,0,0,1.2,0,0,0,0,0,0,0,0,0,0,0,0,0,0.4,0,0,0,4.8,4.4,0,26.4,19.6,0,0,0,0,0,0,0,0.4,0,0.8,0,0,0,0,0,0,1.2,0,0,0,0,0,0.8,0,0,0,0,0,0,0,0.8,0,0,0,0,0,0,0,0,0,0,0,0,0,0,0,0,14,0,0,8.4,0,4.8
Kosrae,KOS-20,2014,50m,ML,MM,KCSO-Fisheries-KVR-KIRMA-UOGML,UBR,Inner,0,0,0,0,0,0,0,0,0,0,0,0,0,0,0,0,0,0,0,0,0,0,0,0,0,0,0,0,0,0,0,0,0,0,0,0,0,0,0,0,0,0,0,0,0,0,0,0,1.606425703,0,0,87.5502008,0,0,0,0,0,0,0,0,0,0,0,0,0,0,0,0,0,0,0,0,0,0,0,0,0,0,0,0,0,0,0,0,0,0,0,0,0,0,0,0,0,0,0,0,0,0,0,0.803212851,0,10.04016064,0,0,0
Kosrae,KOS-20,2014,50m,ML,MM,KCSO-Fisheries-KVR-KIRMA-UOGML,UBR,Inner,0,0,0,0,0,0,0,0,0,0,0,0,0,0,0,0,0,0,0,0,0,0,0,0,0,0,0,0,0,0,0,0,0,0,0,0,0,0,0,0,0,0,0,0,0,0,0,0,6.8,0,0,57.2,0,0,0,0,0,0,0,0,0,0,0,0,0,0,0,0,0,0,0,0,0,0,0,0,0,0,0,0,0,0,0,0,0,0,0,0,0,0,0,0,0,0,0,0,0,0,0,4.4,0,30,1.6,0,0
Kosrae,KOS-20,2014,50m,ML,MM,KCSO-Fisheries-KVR-KIRMA-UOGML,UBR,Inner,0,0,0,0,0,0,0,0,0,0,0,0,0,0,0,0,0,0,0,0,0,0,0,0,0,0,0,0,0,0,0,0,0,0,0,0,0,0,0,0,0,0,0,0,0,0,0,0,6.530612245,0,0.408163265,65.71428571,0,0,0,0,0,0,0,0,0,0,0,0,0,0,0,0,0,0,0,0,0,0,0,0,0,0,0,0,0,0,0,0,0,0,0,0,0,0,0,0,0,0,0,0,0,0,0,3.265306122,0,22.44897959,1.632653061,0,0
Kosrae,KOS-20,2014,50m,ML,MM,KCSO-Fisheries-KVR-KIRMA-UOGML,UBR,Inner,0,0,0,0,0,0,0,0,0,0,0,0,0,0,0,0,0,0,0,0,0,0,0,0,0,0,0,0,0,0,0,0,0,0,0,0,0,0,0,0,0,0,0,0,0,0,0,0,7.6,0,0,64.4,0,0,0,0,0,0,0,0,0,0,0,0,0,0,0,0,0,0,0,0,0,0,0,0,0,0,0,0,0,0,0,0,0,0,0,0,0,0,0,0,0,0,0,0,0,0,0,4.8,0,22,1.2,0,0
Kosrae,KOS-20,2014,50m,ML,MM,KCSO-Fisheries-KVR-KIRMA-UOGML,UBR,Inner,0,0,0,0,0,0,0,0,0,0,0,0,0,0,0,0,0,0,0,0,0,0,0,0,0,0,0,0,0,0,0,0,0,0,0,0,0,0,0,0,0,0,0,0,0,0,0,0,1.632653061,0,0,44.48979592,0,0,0,0,0,0,0,0,0,0,0,0,0,0,0,0,0,0,0,0,0,0,0,0,0,0,0,0,0,0,0,0,0,0,0,0,0,0,0,0,0,0,0,0,0,0,0,5.714285714,0,48.16326531,0,0,0
Kosrae,KOS-10,2014,50m,ML,RC,KCSO-Fisheries-KVR-KIRMA-UOGML,Buoy-8,Outer,0,0.85106383,8.085106383,0,2.127659574,15.74468085,0,0,0,0,0,0,0,0,0,0,0.85106383,0,0,0,0,0,0,0,0,0,0,0,0,0,0,0,0,0,0,0,0,0,0,0,0,0,0,5.106382979,0,0,1.276595745,0.85106383,0,0,4.680851064,0.425531915,0,0,0,0,0,0,0,0,0,0,0,0,0,0,0,0,0,0,0,0,0,0,0.85106383,0,0,0,0,0,0,0,1.70212766,0,0,0,0,0,0,0,0,0,0,0,0,0,0,0.425531915,0,28.93617021,0,0,6.808510638,0,21.27659574
Kosrae,KOS-10,2014,50m,ML,RC,KCSO-Fisheries-KVR-KIRMA-UOGML,Buoy-8,Outer,0,1.739130435,19.13043478,0,0,14.34782609,0,0.869565217,0,0,0,0,0,0,0,0,0,0,0,0,0,0,0,0,0,0,0,0,0.434782609,0,0,0,0,0,0,0,0,0,0,0,0,0,0,5.652173913,0,0,0,0.434782609,0,0,6.086956522,2.608695652,0,0,0,0,0,0,0,0,0,0,0,0,0,0,0,0,0,0,0,0,0,0,0,0,0,0,0,0,0,0,0,0,0,0,0,0,0,0,0,0,0,0,0,0,0,0,0,30,0,0,7.391304348,0,11.30434783
Kosrae,KOS-10,2014,50m,ML,RC,KCSO-Fisheries-KVR-KIRMA-UOGML,Buoy-8,Outer,0,1.276595745,8.510638298,0,0,10.63829787,0,0,0,0,0,0,0,0,0,0,0,0,0,13.61702128,0,0,0,0,0,0,0,0,0,0,0,0,0,0,0,0,0,0,0,0,0.425531915,0,0,7.234042553,0,0,0,0,0,0,4.255319149,0,0,0,0,0,0,0,0,0,0,0,0,0,0,0,0,0,0,0,0,0,0,0,0.85106383,0,0,0,0,0,0,0,2.127659574,0,0,0,0,0,0,0,0,0,0,0,0,0,0,0,0,32.76595745,0,2.553191489,5.957446809,0,9.787234043
Kosrae,KOS-10,2014,50m,ML,RC,KCSO-Fisheries-KVR-KIRMA-UOGML,Buoy-8,Outer,0,0.425531915,0,0,0,0,0,0,0,0,0,0,0,0,0,0,0,0,0,32.76595745,0,0,0,0,0,0,0,0,0,0,0,0,0,0,0,0,0,0,0,0,0,0,0,1.70212766,0,0,0,0,0,0,28.5106383,0.425531915,0,0,0,0,0,0,0,8.936170213,0,0,0,0,0,0,0,0,0,0,0,0,0,0,0,0,0,0,0,0,0,0,0.425531915,0,0,0,0,0,0,0,0,0,0,0,0,0,0,0,0,9.787234043,0,13.61702128,0.425531915,0,2.978723404
Kosrae,KOS-10,2014,50m,ML,RC,KCSO-Fisheries-KVR-KIRMA-UOGML,Buoy-8,Outer,0,0.85106383,3.829787234,0,0.425531915,0,0,0,0,0,0,0,0.425531915,0,0,0,0.425531915,0,0,9.787234043,0,0,0,0,1.276595745,0,0,0,0,1.276595745,0,0,0,0,0,0,0,0,0.425531915,0,0,0,0,1.276595745,0,0,0,0.85106383,0,0,37.0212766,0,0,0,0,0,0,0,0,15.31914894,0,0,0,0,0,0,0,0,0,0,0,0,0,0,0,0,0,0,0,0.425531915,0,0,0,0,0,0,0,0,0,0,0,0,0,0,0,0,0,0,0,8.936170213,0,3.829787234,3.404255319,0,10.21276596
Kosrae,KOS-3,2014,50m,ML,RC,KCSO-Fisheries-KVR-KIRMA-UOGML,Buoy-27,Outer,0,0,0,0,0,0,0,0,0,0,0,0,2.4,1.2,0,0,0.4,0,0,9.2,0,0.4,0,0,0.4,0,2,0,0,0.8,0,0,0,0,0,0,0,0,0,0,0,0,0,0,0,0,0,5.2,4.4,0,23.2,13.6,0,0,0,0,0,0,0,2.8,0,0,0,0,0,0,0,0,0.4,0,0,0,0,0,1.2,0,0,0,0,0,0,0,3.6,0,0,0,0,0,0,0,0,0,0,0,0,0,0,2.8,0,7.6,0,2.4,8.4,0,7.6
Kosrae,KOS-3,2014,50m,ML,RC,KCSO-Fisheries-KVR-KIRMA-UOGML,Buoy-27,Outer,0,0.4,0,0,0,0,0,0,0,0,0,0,0,0.4,0,0,0,0,0,2.8,0,0,0,0,2,0,0,0,0.8,0.8,0,0,0,0,0,0,0,0,0,0,0,0,0,0,0,0,0,14.4,3.6,0,17.6,10,0,0,0,0,0,0,0,10.4,0,0,0,0,0,0,0,0,0.4,0,0,0,0,0,1.6,0,0,0,0,0,0,0,4,0,0,0,0,0,0,0,0,0,0,0,0,0,0,0.8,0,13.6,0,2,9.2,0,5.2
Kosrae,KOS-3,2014,50m,ML,RC,KCSO-Fisheries-KVR-KIRMA-UOGML,Buoy-27,Outer,0,0,0,0,0,0,0,0.4,0,0,0,0,0,0,0,0,0,0,0,18.4,0,0,0,0,2,0,0.4,0,0,0.4,0,0,0,0,0,0,0,0,0,0,0,0,0,0,0,0,0,8.8,5.6,0,13.6,12.4,0,0,0,0,0,0,0,1.2,0,0,0,0,0,0,0,0,0,0,0,0,0,0,0.8,0,0,0,0,0,0,0,4,0,0,0,0,0,0,0,0,0,0,0,0,0,0,0.8,0,14,0,4.8,8.8,0,3.6
Kosrae,KOS-3,2014,50m,ML,RC,KCSO-Fisheries-KVR-KIRMA-UOGML,Buoy-27,Outer,0,0,0,0,0,0,0,0,0,0,0,0,1.2,0,0,0,0,0,0,17.2,0,0,0.4,0,2.8,0,4.4,0,0,0,0,0,0,0,0,0,0,0,0,0,0.4,0,0,0,0,0,0,5.6,4,0,4.8,16.8,0,0,0,0,0,0,0,6.8,0,0,0,0.4,0,0,0,0,0,0,0,0,0,0,2,0,0,0,0,0,0,0,3.2,0,0,0,0,0,0,0,0,0,0,0,0,0,0,1.2,0,12.8,0,2,5.6,0,8.4
Kosrae,KOS-3,2014,50m,ML,RC,KCSO-Fisheries-KVR-KIRMA-UOGML,Buoy-27,Outer,0,0,0,0,0,0,0,0,0,0,0,0,0,0.4,0,0,0,0,0,12.8,0,0,0,0,2.4,0,0,0,0,0.4,0,0,0,0,0,0,0,0,0,0,0,0,0,0,0,0,0,6,2,0,18,17.2,0,0,0,0,0,0,0,2.4,0,0,0,0,0,0,0,0,0.4,0,0,0,0,0,1.2,0,0,0,0,0,0,0,3.2,0,0,0,0,0,0,0,0,0,0,0,0,0,0,0.8,0,13.2,0,1.2,8,0,10.4
Kosrae,KOS-17,2014,50m,ML,RC,KCSO-Fisheries-KVR-KIRMA-UOGML,Buoy 50,Outer,0,0.888888889,4,0,2.222222222,6.222222222,0,0,0,0,0,0,0,0,0,0,0,3.111111111,0,1.777777778,0,0,0,0,0,0,0,0,0.444444444,2.222222222,0,0,0,0,0,0,0,0,0,0,0,0,0,11.55555556,0,0,0,0.888888889,2.222222222,0,13.77777778,3.555555556,0,0,0,0,0,0,0,2.666666667,0,0,0,0,0,0,0,0,0.444444444,0,0,0,0,0,1.777777778,0,0,0,0,0,0,0,0.444444444,0,0,0,0,0,0.444444444,0,0,0,0,0,0,0,0,0,0,28.44444444,0,0,6.666666667,0,6.222222222
Kosrae,KOS-17,2014,50m,ML,RC,KCSO-Fisheries-KVR-KIRMA-UOGML,Buoy 50,Outer,0,1.777777778,28,0,4.444444444,3.555555556,0,0,0,0,0,0,0,0,0,0,0.444444444,2.222222222,0,0,0,0,0,0,0,0,4,0,0,0.888888889,0,0,0,0,0,0,0,0,0,0,0.444444444,0,0,5.333333333,0,0,0,0.888888889,0.444444444,0,2.222222222,0.444444444,0,0,0,0,0,0,0,0.888888889,0,0,0,0,0,0,0,0,0,0,0,0,0,0,0,0,0,0,0,0,0,0,1.777777778,0,0,0,0,0,0,0,0,0,0,0,0,0,0,0,0,27.55555556,0,0,2.222222222,0,12.44444444
Kosrae,KOS-17,2014,50m,ML,RC,KCSO-Fisheries-KVR-KIRMA-UOGML,Buoy 50,Outer,0,0.888888889,4.444444444,0,16.88888889,0,0,0,0,0,0,0,0,0,0,0,0,0,0,0,0,0,0,0,0,0,0,0,0,0,0,0,0,0,0,0,0,0,0,0,0.888888889,0,0,6.222222222,0,0,0.444444444,0.888888889,0.444444444,0,6.222222222,1.333333333,0,0,0,0,0,0,0,0,0,0,0,0,0,0,0,0,0,0,0,0,0,0,1.333333333,0,0,0,0,0,0,2.222222222,3.111111111,0,0,0,0,0,0,0,0,0,0,0,0,0,0,0,0,25.33333333,0,0,20.88888889,0,8.444444444
Kosrae,KOS-17,2014,50m,ML,RC,KCSO-Fisheries-KVR-KIRMA-UOGML,Buoy 50,Outer,0,0,15.11111111,0,3.555555556,2.666666667,0,0,0,0,0,0,0,0,0,0,0,0,0,0,0,0,0,0,0,0,0,0,0.888888889,1.333333333,0,0,0,0,0,0,0,0,0,0,0.444444444,0,0,3.111111111,0,0,0,0.444444444,0,0,12.44444444,1.333333333,3.555555556,0,0,0,0,0,0,0,0,0,0,0,0,0,0,0,1.333333333,0,0,0,0,0,1.333333333,0,0,0,0,0,0,0,2.222222222,0,0,0,0,0,0,0,0,0,0,0,0,0,0,0,0,25.77777778,0,0,10.66666667,0,13.77777778
Kosrae,KOS-17,2014,50m,ML,RC,KCSO-Fisheries-KVR-KIRMA-UOGML,Buoy 50,Outer,0,1.333333333,21.33333333,0,7.555555556,4,0,0,0,0,0,0,0,0,0,0,0,0,0,0,0,0,0,0,0,0,0,0,0,0,0,0,0,0,0,0,0,0,0,0,2.222222222,0,0,1.333333333,0,0,0,0.444444444,0,0,4.888888889,0.888888889,0,0,0,0,0,0,0,0,0,0,0,0,0,0,0,0,2.666666667,0,0,0,0,0,0,0,0,0,0,0,0,0,2.222222222,0,0,0,0,0,0,0,0,0,0,0,0,0,0,0,0,24.44444444,0,0,12,0,14.66666667
Kosrae,KOS-21,2014,50m,ML,RC,KCSO-Fisheries-KVR-KIRMA-UOGML,Yela,Inner,0,0,0,0,0,0,0,0,0,0,0,0,3.6,0,0,0,0,0,0,0,0,0,0,0,0.4,0,0,0,0.8,0,0,0,0,0,0,0,0,0,0,0,0,0,0,0,0,0,0,0.4,0.4,0,12.8,8.8,0,0,0,0,0,0,0,0,0,0,0,0,0,0,0,0,0,0,0,0,0,0,0.4,0,0,0.4,0,0,0.8,0,0,0,0,0,0,0,0,0,0,0,0,0,0,0,0,0,0,4,0,47.2,3.6,0,16.4
Kosrae,KOS-21,2014,50m,ML,RC,KCSO-Fisheries-KVR-KIRMA-UOGML,Yela,Inner,0,0,0,0,0,0,0,0,0,0,0,0,1.6,0,0,0,0,0,0,0,0,0,0,0,0,0,0,0,0,0,0,0,0,0,0,0,0,0,0,0,0,0,0.8,0,0,0,0,1.6,0.4,0,5.6,2.8,0,0,0,0,0,0,0,0,0,0,0,0,0,0,0,0,0,0,0,0,0,0.4,4,0,0,0.4,0,0,4,1.6,1.2,0,0,0,0,0.8,0.4,3.6,0,0,0,0,0.8,0,0,0,0,8.4,0,36,4.8,0,20.8
Kosrae,KOS-21,2014,50m,ML,RC,KCSO-Fisheries-KVR-KIRMA-UOGML,Yela,Inner,0,0,0,0,0,0,0,0,0,0,0,0,3.6,0,0,0,0,0,0,0,0,0,0,0,0,0,0,0,1.6,0,0,0,0,0,0,0,0,0,0,0,0,0,0,0,0,4.4,0,0.8,0,0,5.6,8.4,0,0,0,0,0,0,0,0,0,0,0,0,0,0,0,0,2.4,0,0,0,0,0,6.8,0,0,0.4,0,0,1.2,0.4,0.4,0,0,0,0,0,0,1.6,0,0,0,0,0.4,0,0,0,0,2.4,0,34.4,5.6,0,19.6
Kosrae,KOS-21,2014,50m,ML,RC,KCSO-Fisheries-KVR-KIRMA-UOGML,Yela,Inner,0,0,0,0,0,0,0,0,0,0,0,0,9.2,0,0,0,0,0,0,0,0,0,0,0,0,0,0,0,0,0,0,0,0,0,0,0,0,0,0,0,0,0,0.4,0,0,1.2,0,2.4,0,0,7.6,3.2,0,0,0,0,0,0,0,0,0,0,0,0,0,0,0,0,1.2,0,0,0,0,0,7.2,0,0,0.8,0,0,2,2.4,1.2,0,0,0,0,0,0,2.4,0,0,0,0,0,0,0,0,0,8,0,26.4,8.4,0,16
Kosrae,KOS-21,2014,50m,ML,RC,KCSO-Fisheries-KVR-KIRMA-UOGML,Yela,Inner,0,0,0,0,0,0,0,0,0,0,0,0,0.8,0,0,0,0,0,0,0,0,0,0,0,0,0,0,0,1.6,0,0,0,0,0,0,0,0,0,0,0,0,0,0,0,0,0.8,0,0,0,0,18,2.8,0,0,0,0,0,0,0,0,0,0,0,0,0,0,0,0,0,0,0,0,0,0,16,0,0,0,0,0,2,5.2,2.4,0,0,0,0,0,0,0,0,0,0,0,0.4,0,0,0,0,5.6,0,32.8,2,0,9.6
Kosrae,KOS-22,2014,50m,KA,KA,KVR,Buoy 23,Outer,0,0,0,0,0,2.008032129,0,0,0,0,0,0,0,0,0,0,0,0.401606426,0,11.64658635,0,0,0.401606426,0,0,0,0,0,0,2.409638554,0,0,0,0,0,0.803212851,0,0,0,0,0.803212851,0,0.803212851,0.401606426,0,0,0.401606426,0,0,0,7.228915663,0,0,0,0,0,0,0,0,0,0,0,0,0,0,0,0,0,0,0,0,0,0,0,0,0,0,0,0,0,0,0,6.425702811,0,0,0,0,0,6.425702811,0,0,0,0,0,0,0,0,0.803212851,0,40.96385542,0,0,3.614457831,0,14.45783133
Kosrae,KOS-22,2014,50m,KA,KA,KVR,Buoy 23,Outer,0,0,0,0,0,12.29508197,0,0,0.409836066,0,0,0,0,0.409836066,0,0,0,0.409836066,0,8.196721311,0,0.819672131,0,0,0,0,0,0,0,1.229508197,0,2.049180328,0,0,0.409836066,0,0,0,0,0,0.819672131,0,0,4.508196721,0,0,0.409836066,0,0,0,2.868852459,0,0,0,0,0,0,0,0,0,0,0,0,0,0,0,0,0,0,0,0,0,0,0,0,0,0,0,0,0,0,0,3.68852459,0,0,0,0,0,7.786885246,0,0,0,0,0,0,0,0,0.409836066,0,40.98360656,0,0,5.327868852,0,6.967213115
Kosrae,KOS-22,2014,50m,KA,KA,KVR,Buoy 23,Outer,0,0,0,0,0,3.629032258,0,0,0,0,0,0,0,0.806451613,0,0,0,2.016129032,0.806451613,4.838709677,0,1.209677419,0.806451613,0,0,0,0,0,0,1.209677419,0,7.661290323,0,0,0,2.016129032,0,0,0,0,2.822580645,0,0,4.032258065,0,0,0,0,0,0,9.677419355,0,0,0,0,0,0,0,0,0,0,0,0,0,0,0,0,0,0,0,0,0,0,0,6.048387097,0,0,0,0,0,0,0,3.225806452,0,0,0,0,0,4.435483871,0,0,0,0,0,0,0,0,0.806451613,0,36.29032258,0,0,3.629032258,0,4.032258065
Kosrae,KOS-22,2014,50m,KA,KA,KVR,Buoy 23,Outer,0,0,0,0,0,3.643724696,0,0,0,0,0,0,0,0,0,0,0,0.809716599,0,14.57489879,0,0,0,0,0,0,0,0,0,0.4048583,0,7.692307692,0,0,0,0.4048583,0,0,0,0,1.214574899,0,0,2.024291498,0,0,0,0,0,0,2.024291498,0,0,0,0,0,0,0,0,0,0,0,0,0,0,0,0,0,0,0,0,0,0,0,5.668016194,0,0,0,0,0,0,0,5.668016194,0.4048583,0,0,0,0,2.429149798,0,0,0,0,0,0,0,0,0,0,37.65182186,0,0,6.882591093,0,8.502024292
Kosrae,KOS-22,2014,50m,KA,KA,KVR,Buoy 23,Outer,0,0,0,0,0,3.2,0.4,0,0,0,0,0,0,0,0,0,0,0.8,0.4,10.8,0,0,0,0,0.4,0,0,0,0,5.2,0,6.8,0,0,0,0,0,0,0,0,1.2,0,0,1.2,0,0,0,0,0,0,5.2,0,0,0,0,0,0,0,0,0,0,0,0,0,0,0,0,0,0,0,0,0,0,0,7.6,0,0,0,0,0,0,0,6.4,0,0,0,0,0,0.8,0,0,0,0,0,0,0,0,2.4,0,36.8,0,2.8,3.6,0,4
Kosrae,KOS-10,2015,50m,ML,MM,KCSO-KIRMA,Buoy-8,Outer,0,0.4,25.6,0,2.8,7.2,0,0,0,0,0,0,0,0,0,0,0,0,0,0,0,0,0,0,0,0,0,0,0,0,0,0,0,0,0,2,0,0,0,0,0,0,0,2.8,0,0,0,0,0,0,4.4,2.8,0,0,0,0,0,0,0,0,0,0,0,0,0,0,0,0,0,0.4,0,0,0,0,0,0,0,0,0,0,0,0,3.6,0,0,0,0,0,0,0,0,0,0,0,0,0,0,0,0,17.6,0,0,30,0,0.4
Kosrae,KOS-10,2015,50m,ML,MM,KCSO-KIRMA,Buoy-8,Outer,0,0.4,22,0,0.8,6.8,0,0,0,0,0,0,0,0,0,0,0,0.4,0,0,0,0,0,0,0,0.8,0,0,0.4,0,0,0,0,0,0,2.8,0,0,0,0,0,0,0,2.4,0,0,0,0,0,0,2.4,0,0,0,0,0,0,0,0,0,0,0,0,0,0,0,0,0,0,0.4,0,0,0,0,0,0,0,0,0,0,0,0,1.6,0,0,0,0,0,0,0,0,0,0,0,0,0,0,0.4,0,21.6,0,0,33.2,0,3.6
Kosrae,KOS-10,2015,50m,ML,MM,KCSO-KIRMA,Buoy-8,Outer,0,0,14,0,14.4,10.8,0,0,0,0,0,0,0,0,0,0,0,0,0,0,0,0,0,0,0,0,0,0,0,0,0,0,0,0,0,0.4,0,0,0,0,0,0,0,2.4,0,0,0,0,0,0,4,0.4,0,0,0,0,0,0,0,0,0,0,0,0,0,0,0,0,0,0.4,0,0,0,0,0.8,0,0,0,0,0,0,0,4.8,0,0,0,0,0,0,0,0,0,0,0,0,0,0,0,0,17.2,0,0,26,0,4.4
Kosrae,KOS-10,2015,50m,ML,MM,KCSO-KIRMA,Buoy-8,Outer,0,0.401606426,16.86746988,0,6.024096386,18.07228916,0,0,0,0,0,0,0,0,0,0,0,0,0,0,0,0,0,0,0,0,0,0,0,0,0,0,0,0,0,0.401606426,0,0,0,0,0,0,0,3.212851406,0,0,0,0,0,0,2.008032129,0,0,0,0,0,0,0,0.401606426,0,0,0,0,0,0,0,0,0,1.204819277,0.401606426,0.401606426,0,0,0,0,0,0,0,0,0,0,0,4.819277108,0,0,0,0,0,0,0,0,0,0,0,0,0,0,0,0,20.48192771,0,0,22.08835341,0,3.212851406
Kosrae,KOS-10,2015,50m,ML,MM,KCSO-KIRMA,Buoy-8,Outer,0,2.4,19.6,0,5.6,8.8,0,0,0,0,0,0,0,0,0,0,0,0.4,0,0,0,0,0,0,0,0,0,0,0,0,0,0,0,0,0,0.8,0,0,0,0,0,0,0,1.6,0,0,0,0,0,0,0.4,0,0,0,0,0,0,0,0,0,0,0,0,0,0,0,0,0,0,0.4,1.2,0,0,0,0,0,0,0,0,0,0,0,8,0,0,0,0,0,0,0,0,0,0,0,0,0,0,0,0,25.6,0,0,20.8,0,4.4
Kosrae,KOS-23,2015,50m,ML,MM,KCSO-KIRMA,Buoy-14,Outer,0,0,3.2,0,2,16.4,0,0,0,0,0,0,0,0,0,0,0,0,0,0.4,0,0,0,0,1.2,0,0,0,0,3.2,0,0.4,0,0,0,1.2,0,0,0,0,0,0,0,1.6,0,0,0,2.4,1.2,0,9.6,0.4,0,0,0,0,0,0,0,3.6,0,0,0,0,0,0,0,0,0,0,0,0,0,0,0.8,0,0,0,0,0,0,0,3.2,0,0,0,0,0,0,0,0,0,0,0,0,0,0,5.2,0,8.4,0,11.2,14,0,10.4
Kosrae,KOS-23,2015,50m,ML,MM,KCSO-KIRMA,Buoy-14,Outer,0,0.4,5.2,0,2,8,0,0,0,0,0,0,0,0,0,0,2,0.4,0.8,2.4,0,0,0,0,0.8,0,0,0,0,1.2,0,0,0,0,0,0,0,0,0,0,0,0,0,7.6,0,0,0.4,1.6,3.2,0,2,1.2,0,0,0,0,0,0,0,2.4,0,0,0,0,0,0,0,0,0,0.4,0,0,0,0,6,0,0,0,0,0,0,0,3.2,0.4,0,0,0,0,0,0,0,0,0,0,0,0,0,6,0,12.8,0,6.4,14.4,0,8.8
Kosrae,KOS-23,2015,50m,ML,MM,KCSO-KIRMA,Buoy-14,Outer,0,0,4.4,0,0.4,11.6,0,0,0,0,0,0.8,0,0,0,0,0.4,0.4,0.4,6.4,0,0,0,0,1.6,0,0,0,0,4,0,0,0,0,0,1.6,0,0,0,0,0,0,0,1.6,0,0,0,2,2.8,0,0.8,4,3.2,0,0,0,0,0,0,1.2,0,0,0,0,0,0,0,0,0,0,0,0,0,0,0.8,0,0,0,0,0,0,0,1.6,0,0,0,0,0,0,0,0,0,0,0,0,0,0,2.4,0,16,0,5.6,17.2,0,8.8
Kosrae,KOS-23,2015,50m,ML,MM,KCSO-KIRMA,Buoy-14,Outer,0,0,2.4,0,0,24.4,0,0,0,0,0,0,0,0,0,0,0,0,0.4,8.4,0,0,0,0,2.8,0,0,0,0,1.2,0.4,0,0,0,0,0.4,0,0,0,0,0.4,0,0,3.2,0,0,0,3.2,3.6,0,2,2.8,0,0,0,0,0,0,0,0,0,0,0,0,0,0,0,0,0,0,0,0,0,0,2.8,0,0,0,0,0,0,0,3.6,0,0,0,0,0,0,0,0,0,0,0,0,0,0,4.4,0,13.6,0,8,10,0,2
Kosrae,KOS-23,2015,50m,ML,MM,KCSO-KIRMA,Buoy-14,Outer,0,0.401606426,6.024096386,0,0,4.819277108,0,0,0,0,0,0,0,0,0,0,0.401606426,0,0,13.25301205,0,0.401606426,0,0,0,0,0,0,0,0,0,1.204819277,0,0,0,2.008032129,0,0,0,0,0.401606426,0,0,0.401606426,0,0,0,2.409638554,1.204819277,0,0.401606426,4.016064257,0,0,0,0,0,0,0,1.204819277,0,0,0,0,0,0,0,0,0,0,0,0,0,0,2.409638554,0,0,0,0,0,0,0,2.81124498,0,0,0,0,0,0,0,0,0,0,0,0,0,0,3.212851406,0,19.27710843,0,7.228915663,16.86746988,0,9.638554217
Kosrae,KOS-1,2015,50m,ML,MM,KCSO-KIRMA,Buoy-16,Outer,0,0,0.8,0,0,1.2,0,0,0,0,0,0,0,0,0,0,0.4,0.4,0.4,8,0,0,0,0,0,0,2,0,0.4,2,0,0,0,0,0,0,0,0,0,0,0.8,0,1.2,0,0,0,0,3.2,3.2,0,26,16.4,0,0,0,0,0,0,0,0.4,0,0,0,0,0,0,0,0,2,0,0,0,0,0,0.4,0,0,0,0,0,0,0,6.8,0,0,0,0,0,0,0,0,0,0,0,0,0,0,3.2,0,10.8,0,0,9.6,0,0.4
Kosrae,KOS-1,2015,50m,ML,MM,KCSO-KIRMA,Buoy-16,Outer,0,0,0,0,0,0.8,0,0,0,0,0,0,2.8,0,0,0,0,0,0,7.2,0,0,2,0,0.8,0,0.8,0,0,1.2,0,0,0,0,0,0.4,0,0,0.8,0,0.8,0,0,0.4,0,0,0,4.4,3.2,0,31.2,10,0,0,0,0,0,0,0,0,0,0.4,0,0,0,0,0,0,0,0,0,0,0,0,0,0,0,0,0,0,0,0.8,6,0,0,0,0,0,0,0,0,0,0,0,0,0,0,3.6,0,7.6,0,0.4,12,0,2.4
Kosrae,KOS-1,2015,50m,ML,MM,KCSO-KIRMA,Buoy-16,Outer,0,0,0,0,0,0.4,0,0,0,0,0,0,1.2,0,0,0,0,0,0,14,0,0,0,0,0.4,0,8.4,0,0,2.4,0,0.8,0,0,0,0.8,0,0,0.4,0,0,0,0.4,0.4,0,0,0,6.4,1.2,0,15.2,16.4,0,0,0,0,0,0,0,2.4,0,0,0,0,0,0,0,0,1.2,0,0,0,0,0,2.4,0,0,0,0,0,0,0,4.4,0,0,0,0,0,0,0,0,0,0,0,0,0,0,5.6,0,6.8,0,0.4,6.8,0,1.2
Kosrae,KOS-1,2015,50m,ML,MM,KCSO-KIRMA,Buoy-16,Outer,0,0,0,0,0,0,0,0,0,0,0,0,0,0.4,0,0,0.8,0.4,0,22,0,0,0.4,0,0,0,0.8,0,0,0.4,0,0.4,0,0,0,0,0,0,0,0,0,0,0.4,0,0,0,0,5.6,3.6,0,19.6,13.2,0.4,0,0,0,0,0,0,0,0,0,0,0,0,0,0,0,0,0,0,0,0,0,1.6,0,0,0,0,0,0,0,5.6,0,0,0,0,0,0,0,0,0,0,0,0,0,0,1.6,0,8.8,0,1.2,8.4,0,4.4
Kosrae,KOS-1,2015,50m,ML,MM,KCSO-KIRMA,Buoy-16,Outer,0,0.4,0,0,0,0.4,0,0,0,0,0,0,1.2,0,0,0,0.4,0,0,26,0,0,0,0,1.2,0,1.2,0,0,0.4,0,0,0,0,0,1.2,0,0,0.8,0,0.4,0,0,0.4,0,0,0,2.8,0.4,0,12.8,10,0,0,0,0,0,0,0,0.4,0,0,0,0,0,0,0,0,0.4,0,0,0,0,0,0.4,0,0,0,0,0,0,0,6.4,0.4,0,0,0,0,0,0,0,0,0,0,0,0,0,2.8,0,6.4,0,1.6,16,0,5.2
Kosrae,KOS-19,2015,50m,ML,MM,KCSO-KIRMA,Buoy 20,Outer,0,0,0,0,0,0,0,0,0,0,0,0,0,0,0,0,0,0.4,0,5.6,0,0,0,0,0,0,0,0,0,0.8,0.4,0,0,0,0,0.4,0,0,0,0,0.4,0,0,6.8,0,0,0,3.2,0.4,0,1.6,2.8,0,0,0,0,0,0,0,0,0,0,0,0,0,0,0,0,0,0,0,0,0,0,14.4,0,0,0,0,0,0.4,0,11.2,0,0,0,0,0,0,0.4,0,0,0,0,0,0,0,0,0,15.2,0,0,29.2,0,6.4
Kosrae,KOS-19,2015,50m,ML,MM,KCSO-KIRMA,Buoy 20,Outer,0,0.4,0,0,0,0,0,0,0,0,0,0,0,0,0,0,0,0,0.4,0.8,0,0,0.4,0,0.4,0,0,0,0,1.2,0,0.8,0,0,0,0.8,0,0,0,0,0,0,0,3.6,0,0,0,1.2,0.8,0,0,2.4,0,0,0,0,0,0,0,0,0,0,0,0,0,0,0,0,0,0,0,0,0,0,20.8,0,0,1.6,0,0,1.6,0,7.2,0,0,0,0,0,0,0,0,0,0,0,0,0,0,0.4,0,12.4,0,0,33.6,0,9.2
Kosrae,KOS-19,2015,50m,ML,MM,KCSO-KIRMA,Buoy 20,Outer,0,0.8,0,0,0,0,0,0,0,0,0,0,0,0,0,0,0,0,0,10,0,0,0,0,0,0,0,0,0,1.2,0.4,0,0,0,0,0.4,0,0,0,0,0.4,0,0,2.8,0,0,0,4.8,1.6,0,0,2.8,0,0,0,0,0,0,0,0,0,0,0,0,0,0,0,0,0,0,0,0,0,0,16.8,0,0,2,0,0,0.4,0,8,0,0,0,0,0,0,0,0,0,0,0,0,0,0,0,0,10.8,0,0,32,0,4.8
Kosrae,KOS-19,2015,50m,ML,MM,KCSO-KIRMA,Buoy 20,Outer,0,0.4,0,0,0,0,0,0,0,0,0,0,0,0,0,0,0,0.4,0.8,3.2,0,0,0,0,0,0,0,0,0,1.6,0,0.8,0,0,0,0.4,0,0,0,0,0,0,0,4,0,0,0,4,1.2,0,0,1.2,0,0,0,0,0,0,0,0,0,0,0,0,0,0,0,0,0,0.4,0,0,0,0,10.4,0,0,0,0,0,0.4,0,9.6,0,0,0,0,0,0,0,0,0,0,0,0,0,0,0.4,0,16,0,0,38.8,0,6
Kosrae,KOS-19,2015,50m,ML,MM,KCSO-KIRMA,Buoy 20,Outer,0,0.4,0,0,0,0,0,0,0,0,0,0,0,0,0,0,0,1.6,0,4,0,0,0.8,0,0,0,1.2,0,0,0,0,0.4,0,0,0,2,0,0,0,0,1.2,0,0,2.4,0,0,0,4,0.4,0,0.8,4.4,0.4,0,0,0,0,0,0,0,0,0,0,0,0,0,0,0,0.4,0,0,0,0,0,10.8,0,0,1.2,0,0,0.4,0,4.4,0,0,0,0,0,0,0.4,0,0,0,0,0,0,0,0,0,20.4,0,1.2,32,0,4.8
Kosrae,KOS-3,2015,50m,ML,MM,KCSO-KIRMA,Buoy-27,Outer,0,0,0,0,0,0,0,0,0,0,0,0,1.739130435,0.869565217,0,0,0.434782609,0.434782609,0,6.956521739,0,0,0,0,0.434782609,0,0,0,0,2.608695652,0,0,0,0,0,0,0,0,0,0,0,0,0,0,0,0,0,10.43478261,4.782608696,0,11.30434783,13.91304348,0,0,0,0,0,0,0,10,0,0,0,0,0,0,0,0,0,0,0,0,0,0,0.434782609,0,0,0,0,0,0,0,6.52173913,0,0,0,0,0,0,0,0,0,0,0,0,0,0,0,0,8.695652174,0,0,13.91304348,0,6.52173913
Kosrae,KOS-3,2015,50m,ML,MM,KCSO-KIRMA,Buoy-27,Outer,0,0,0,0,0,0,0,0,0,0,0,0,0,0,0,0,0,0,0,3.043478261,0,0,0,0,3.913043478,0,0,0,0,2.173913043,0,0,0,0,0,0.434782609,0,0,0,0,0,0,0,0,0,0,0,10.86956522,8.260869565,0,15.65217391,10,0,0,0,0,0,0,0,9.565217391,0,0,0,0,0,0,0,0,0,0,0,0,0,0,3.47826087,0,0,0,0,0,0,0,6.52173913,0,0,0,0,0,0,0,0,0,0,0,0.434782609,0,0,0.869565217,0,6.086956522,0,1.304347826,14.34782609,0,3.043478261
Kosrae,KOS-3,2015,50m,ML,MM,KCSO-KIRMA,Buoy-27,Outer,0,0,0,0,0,0,0,0,0,0,0,0,0,0,0,0,0,0,0,12.76595745,0,0.85106383,1.70212766,0,2.127659574,0,0,0,0,0.425531915,0,0,0,0,0,0,0,0,0,0,0,0,0,0,0,0,0,8.085106383,8.510638298,0,11.4893617,8.936170213,0,0,0,0,0,0,0,5.531914894,0,0,0,0,0,0,0,0,0,0.425531915,0,0,0,0,1.70212766,0,0,0,0,0,0,0,7.659574468,0,0,0,0,0,0,0,0,0,0,0,0,0,0,0,0,9.361702128,0,2.127659574,13.61702128,0,4.680851064
Kosrae,KOS-3,2015,50m,ML,MM,KCSO-KIRMA,Buoy-27,Outer,0,0,0,0,0,0,0,0,0,0,0,0,0.85106383,0,0,0,0.85106383,0.425531915,0.425531915,11.4893617,0,0,1.70212766,0,0.85106383,0,0,0,0,1.276595745,0,0,0,0,0,0.425531915,0,0,0,0,0.425531915,0,0,0.425531915,0,0,0.425531915,8.510638298,5.531914894,0,12.34042553,13.19148936,0,0,0,0,0,0,0,1.70212766,0,0,0,0,0,0,0,0,0.425531915,0,0,0,0,0,2.127659574,0,0,0,0,0,0,0,10.63829787,0,0,0,0,0,0,0,0,0,0,0,0,0,0,0.85106383,0,6.382978723,0,2.553191489,12.76595745,0,3.404255319
Kosrae,KOS-3,2015,50m,ML,MM,KCSO-KIRMA,Buoy-27,Outer,0,0,0,0,0,0,0,0,0,0,0,0,0.85106383,0,0,0,0.425531915,0,0,18.72340426,0,0,0,0,0.425531915,0,0,0.425531915,0,0,0,0,0,0,0,0,0,0,0,0,0,0,0,0,0,0,0,3.829787234,5.531914894,0,22.12765957,8.510638298,0,0,0,0,0,0,0,3.829787234,0,0,0,0,0,0,0,0,0.425531915,0,0,0,0,0,2.978723404,0,0,0,0,0,0,0,5.957446809,0,0,0,0,0,0,0,0,0,0,0,0,0,0,0.425531915,0,7.234042553,0,3.829787234,11.4893617,0,2.978723404
Kosrae,KOS-16,2015,50m,ML,MM,KCSO-KIRMA,Buoy 44,Outer,0,0,0,0,0,0,0,0,0,0,0,0,0,0,0,0,0,2.419354839,0,1.209677419,0,0,0,0,0,0,0,0,0,2.016129032,0,0,0,0,0,0,0,0,0,0,0,0,0,3.629032258,0,0,0,2.419354839,0,0,4.435483871,1.612903226,0,0,0,0,0,0,0,0,0,0,0,0,0,0,0,0,1.209677419,1.209677419,0.403225806,0,0,0,0,0,0,0,0,0,0,0,5.241935484,0,0,0,0,0,0,0,0,0,0,0,0,0,0,0,0,17.33870968,0,0.403225806,35.08064516,0,21.37096774
Kosrae,KOS-16,2015,50m,ML,MM,KCSO-KIRMA,Buoy 44,Outer,0,0.4,0,0,0,0,0,0,0,0,0,0,1.2,0,0,0,0,2.4,0,0.4,0,1.2,0,0,0,0,0,0,0,4,0,0,0,0,0,0.4,0,0,0,0,0,0,0,1.6,0,0,0,2.8,0,0,0.8,1.6,0,0,0,0,0,0,0,0.4,0,0,0,0,0,0,0,0,1.2,0.4,0,0,0,0,0,0,0,0,0,0,0,0,11.2,0,0,0,0,0,0,0,0,0,0,0,0,0,0,0,0,22,0,0,39.6,0,8.4
Kosrae,KOS-16,2015,50m,ML,MM,KCSO-KIRMA,Buoy 44,Outer,0,0,0,0,0,0,0,0,0,0,0,0,4.4,0,0,0,0,1.2,0,0,0,0.8,0,0,0,0,0,0,0.8,3.2,0,0,0,0.8,0,0,0,0,0,0,0,0,0,2.8,0,0,0,1.2,0,0,0.4,0.4,0,0,0,0,0,0,0,0,0,0,0,0,0,0,0,0,0,0.4,0,0,0,0,0,0,0,0,0,0,0,0,4.8,0,0,0,0,0,0,0,0,0,0,0,0,0,0,0,0,24,0,0,34,0,20.8
Kosrae,KOS-16,2015,50m,ML,MM,KCSO-KIRMA,Buoy 44,Outer,0,0,0,0,0,0,0,0,0,0,0,0.4,1.2,0,0,0,0,0.8,0,0.4,0,0.4,0,0,0.4,0,0,0,0.4,2,0,0,0,0,0,0,0,0,0,0,0,0,0,2.8,0,0,0,0.8,0,0,1.2,0.4,0.8,0,0,0,0,0,0,0.4,0,0,0,0,0,0,0,0,0,0.8,0,0,0,0,0,0,0,0,0,0,0,0,5.2,0,0,0,0,0,0,0,0,0,0,0,0,0,0,0,0,34,0,0,36.4,0,11.2
Kosrae,KOS-16,2015,50m,ML,MM,KCSO-KIRMA,Buoy 44,Outer,0,0.4,0,0,0,0,0,0,0,0,0,0,0,0.8,0,0,0,2.4,0,0.8,0,0.8,0,0,0,0,0.8,0,0.8,2.4,0,0,0,0.4,0,1.2,0,0,0,0,0,0,0,1.2,0,0,0,2.8,0,0,1.6,0,0,0,0,0,0,0,0,0.4,0,0,0,0,0,0,0,0,2.8,0.8,0,0,0,0,0,0,0,0,0,0,0,0,5.2,0,0,0,0,0,0,0,0,0,0,0,0,0,0,0.4,0,33.6,0,0,28.8,0,11.6
Kosrae,KOS-17,2015,50m,ML,MM,KCSO-KIRMA,Buoy 50,Outer,0,1.6,23.2,0,8.4,7.6,0,0,0,0,0,0,0.4,0,0,0,0,1.2,0,0,0,0,0,0,0.4,0,1.6,0,0,0,0,0.4,0,0,0,1.2,0,0,0.4,0,0,0,0,8.4,0,0,0.8,0.4,0.8,0,3.2,0.4,0,0,0,0,0,0,0,0.8,0,0,0,0,0,0,0,0,0,0,0,0,0,0,0,0,0,0,0,0,0,0,1.6,0,0,0,0,0,0,0,0,0,0,0,0,0,0,0,0,19.6,0,0,17.2,0,0.4
Kosrae,KOS-17,2015,50m,ML,MM,KCSO-KIRMA,Buoy 50,Outer,0,0,12.8,0,11.2,2,0,0,0,0,0,0,0,0,0,0,0,0.8,0,0.4,0,0,0,0,0,0,0,0,0,0.8,0,0,0,0,0,0.4,0,0,0,0,0,0,0,4,0,0,0,0.4,0.8,0,2.4,3.6,0,0,0,0,0,0,0,0,0,0,0,0,0,0,0,0,0.8,0,0,0,0,0,0,0,0,0,0,0,0,0,5.6,0,0,0,0,0,0,0,0,0,0,0,0,0,0,0,0,20.8,0,0,32,0,1.2
Kosrae,KOS-17,2015,50m,ML,MM,KCSO-KIRMA,Buoy 50,Outer,0,0,34.4,0,8.4,7.2,0,0,0,0,0,0,0,0,0,0,0.4,0.4,0,0,0,0.8,0,0,0,0,0,0,0,0,0,0,0,0,0,0.8,0,0,0.4,0,0,0,0,2.8,0,0,0,0.4,0.4,0,2.8,2.4,0,0,0,0,0,0,0.8,0,0.4,0,0,0,0,0,0,0,0.8,0,0,0,0,0,0,0,0,0,0,0,0,0,1.2,0,0,0,0,0,0,0,0,0,0,0,0,0,0,0,0,15.2,0,0,17.6,0,2.4
Kosrae,KOS-17,2015,50m,ML,MM,KCSO-KIRMA,Buoy 50,Outer,0,0,16,0,23.6,2.4,0,0,0,0,0,0,0,0,0,0,0,0,0,0,0,0,0,0,0,0,0.8,0,0,0,0,0,0,0,0,0,0,0,0,0,0,0,0,2,0,0,0,0.4,0.4,0,6.8,0.4,0,0,0,0,0,0,0,0,0,0,0,0,0,0,0,0,0,0,0,0,0,0,0.4,0,0,0,0,0,0,0,2,0,0,0,0,0,0,0,0,0,0,0,0,0,0,0,0,18,0,0,25.2,0,1.6
Kosrae,KOS-17,2015,50m,ML,MM,KCSO-KIRMA,Buoy 50,Outer,0,0.8,15.2,0,16.4,2.4,0,0,0,0,0,0,0,0,0,0,0,0,0,0,0,0,0,0,0,0,0,0,0,0,0,0,0,0,0,0,0,0,0.4,0,0,0,0,0.8,0,0,0,0.4,0,0,2.8,0,0,0,0,0,0,0,0,0,0,0,0,0,0,0,0,0,1.2,0,0,0,0,0,0.4,0,0,0,0,0,0,0,4.8,0,0,0,0,0,0,0,0,0,0,0,0,0,0,0,0,16,0,0,36.4,0,2
Kosrae,KOS-24,2015,50m,ML,MM,KCSO-KIRMA,Buoy-53,Outer,0,0.4,1.2,0,0,15.2,0,0,0,0,0,0,0,0,0,0,0.4,0.8,0,0,0,1.2,0,0,0,0,0,0,0.8,0,0,0,0,0.8,0,6,0,0,0,0,0,0,0,0,0,0,1.2,0,0,0,1.6,0,0,0,0,0,0,0,0,0.4,0,0,0,0,0,0,0,0,0,1.6,0.8,0,0,8.8,0,0,0,0,0,0,0,0,0,0,0,0,0,0,0,0,0,0,0,0,0,0,0,0,0,30.4,0,0,28,0,0.4
Kosrae,KOS-24,2015,50m,ML,MM,KCSO-KIRMA,Buoy-53,Outer,0,0,4.4,0,0,38,0,0,0,0,0,0,0,0,0,0,0.4,0.4,0,0,0,0.8,0,0,0.4,0,0.4,0,0,1.2,0,0,0,0,0.4,2,0,0,0,0,0,0,0,0.4,0,0,2.4,0,0.4,0,0,0.4,0,0,0,0,0,0,0,0,0,0,0,0,0,0,0,0,0,0,0,0,0,0,0,0,0,0,0,0,0,0,1.2,0,0,0,0,0,0,0,0,0,0,0,0,0,0,0,0,18.8,0,0,26,0,2
Kosrae,KOS-24,2015,50m,ML,MM,KCSO-KIRMA,Buoy-53,Outer,0,0.4,2,0,0.4,39.2,0,0,0,0,0,0,0,0,0,0,1.2,2,0,0.4,0,3.6,0,0,0,0,0,0,0.8,1.6,0,0,0,0,0.4,4,0,0,0,0,0.4,0,0,0.4,0,0,1.6,0,0,0,0.4,0,0.4,0,0,0,0,0,0,0.4,0,0,0,0,0,0,0,0,0,0.4,0.4,0,0,0,0.4,0,0,0,0,0,0,0,0,0,0,0,0,0,0,0,0,0,0,0,0,0,0,0,0,18,0,0.4,20.4,0,0.4
Kosrae,KOS-24,2015,50m,ML,MM,KCSO-KIRMA,Buoy-53,Outer,0,0.8,2.4,0,0,26.4,0,0,0,0,0,0,0,0,0,0,0,6,0,0,0,6,0,0,0.4,0,0.4,0,0.4,4.4,0,0,0,0,0,4.4,0,0,0,0,0,0,0,4.4,0,0,0.4,0,0,0,0.4,0.4,0,0,0,0,0,0,0,0,0,0,0,0,0,0,0,0,0,1.6,0,0,0,0,0,0,0,0,0,0,0,0,0.8,0,0,0,0,0,0,0,0,0,0,0,0,0,0,0,0,20.4,0,0,19.6,0,0.4
Kosrae,KOS-24,2015,50m,ML,MM,KCSO-KIRMA,Buoy-53,Outer,0,1.6,0.4,0,0,3.6,0,0,0,0,0,0,0,0,0,0,0,3.6,0.4,1.2,0,4.8,0,0,1.2,0,0,0,0.4,5.6,0.4,0,0,0,0,2,0,0,0,0,0,0,0,8.8,0,0,0.8,0.4,0,0,2.4,1.6,0.4,0,0,0,0,0,0,1.6,0,0,0,0.4,0,0,0,0,2,2.8,0,0,0,0,0,0,0,0,0,0,0,0,0.8,0,0,0,0,0,0,0,0,0,0,0,0,0,0,0,0,24.4,0,0,27.6,0,0.8
Kosrae,KOS-11,2015,50m,ML,MM,KCSO-KIRMA,Buoy-TS,Outer,0,0,0,0,0,0,0,0,0,0,0,0,6.4,0,0,0,0,0,0,1.2,0,0.8,0,0,0,0,0,0,0,0.8,0,0,0,0,0,0,0,0,0,0,0,0,0,0,0,0,0,1.6,2.4,0,15.2,23.6,0,0,0,0,0,0,0,0,0,0,0,0,0,0,0,0,0.8,2,0,0,0,0,0,0,0,0,0,0,0,0,6.8,0,0,0,0,0,0,0,0,0,0,0,0,0,0,0.4,0,10,0,0,26.4,0,1.6
Kosrae,KOS-11,2015,50m,ML,MM,KCSO-KIRMA,Buoy-TS,Outer,0,0.4,0,0,0,0,0,0,0,0,0,0,12.4,0.4,0,0,0,0,0,0.8,0,0,1.2,0,0,0,0.4,0,0,2.8,0,0,0,0,0,0.8,0,0,0,0,0,0,0,0,0,0,0.8,1.6,3.2,0,4.8,13.2,0,0,0,0,0,0,0,0,0,0,0,0.4,0,0,0,0,2.4,0.8,0,0,0,0,0.4,0,0,0,0,0,0,0,7.2,0,0,0,0,0,0,0,0,0,0,0,0,0,0,0.8,0,10.4,0,0,31.6,0,3.2
Kosrae,KOS-11,2015,50m,ML,MM,KCSO-KIRMA,Buoy-TS,Outer,0,0.4,0,0,0,0,0,0,0,0,0,0,9.2,0,0,0,0,0,0,0,0,0,0,0,0,0,0,0,0,1.2,0,0,0,0,0,0,0,0,0,0,0,0,0,0,0,0,0,1.6,0,0,6.4,13.2,0,0,0,0,0,0,0,0,0,0,0,0,0,0,0,0,0,0.4,0,0,0,0,0,0,0,0,0,0,0,0,8.4,0,0,0,0,0,0,0,0,0,0,0,0,0,0,0.4,0,21.6,0,0,32,0,5.2
Kosrae,KOS-11,2015,50m,ML,MM,KCSO-KIRMA,Buoy-TS,Outer,0,0,0,0,0,0,0,0,0,0,0,0,9.638554217,0,0,0,0.401606426,0.401606426,0,0.803212851,0,0,0,0,0,0,0,0,1.204819277,1.606425703,0,0,0,0,0,0.401606426,0,0,0,0,0,0,0,0.401606426,0,0,0,4.819277108,0.803212851,0,4.819277108,17.26907631,0,0,0,0,0,0,0,0,0,0,0,0,0,0,0.401606426,0,0.401606426,0,0,0,0,0,1.204819277,0,0,0,0,0,0,0,11.64658635,0,0,0,0,0,0,0,0,0,0,0,0,0,0,0,0,8.835341365,0,0.401606426,30.92369478,0,3.614457831
Kosrae,KOS-11,2015,50m,ML,MM,KCSO-KIRMA,Buoy-TS,Outer,0,0,1.2,0,0,0,0,0,0,0,0,0,8.4,0,0,0,0,0,0,1.2,0,0.4,0,0,0,0,0,0,0,1.2,0,0,0,0,0,0,0,0,0,0,0.4,0,0.8,0,0,0,0,6,0.4,0,0.4,18,0,0,0,0,0,0,0,0,0,0,0,0,0,0,0,0,1.2,0,1.6,0,0,0,2.4,0,0,0,0,0,0,0,11.2,0,0,0,0,0,0,0,0,0,0,0,0,0,0,0,0,9.6,0,1.2,30.8,0,3.6
Kosrae,KOS-25,2015,50m,ML,MM,KCSO-KIRMA,Buoy-31 Walung,Outer,0,0,0,0,0,0,0,0,0,0,0,0,3.2,0,0,0,0,0.4,0,1.6,0,0,0,0,14,0,2,0,0,1.2,0,0,0,0,0,0,0,0,0,0,0,0,0,2,0,0,0,4,0,0,15.2,2.8,0,0,0,0,0,0,0,5.2,0,0.8,0,0,0,0,0,0,4,0.8,0,0,0,0,0,0,0,0,0,0,0,0,3.2,0,0,0,0,0,0,0,0,0,0,0,0,0,0,0.8,0,10.8,0,0,24.4,0,3.6
Kosrae,KOS-25,2015,50m,ML,MM,KCSO-KIRMA,Buoy-31 Walung,Outer,0,0.4,0,0,0,0,0,0,0,0,0,0,0,0,0,0,0,0.4,0.4,3.6,0,0,0,0,19.6,0,0.8,0,0,1.2,0,0,0,1.2,0,0,0,0,0,0,0,0,0,0.8,0,0,0,6.8,1.6,0,2.8,6.8,0,0,0,0,0,0,0,4,0,1.6,0,0,0,0,0,0,1.2,0,0,0,0,0,0.8,0,0,0,0,0,0,0,0.4,0,0,0,0,0,0,0,0,0,0,0,0,0,0,0,0,13.6,0,0.4,27.6,0,4
Kosrae,KOS-25,2015,50m,ML,MM,KCSO-KIRMA,Buoy-31 Walung,Outer,0,0.8,0.8,0,0,0,0,0,0,0,0,0,0,0.4,0,0,0,0,0,1.2,0,0,0,0,19.6,0,0,0,0.4,0.8,0,0,0,0,0,0,0,0,0,0,0,0,0,0,0,0,0,10,0.8,0,12,4,0,0,0,0,0,0,0,5.2,0,0.4,0,0,0,0,0,0,3.6,0,0,0,0,0,2,0,0,0,0,0,0,0,0.4,0,0,0,0,0,0,0,0,0,0,0,0,0,0,0,0,13.6,0,0.8,19.6,0,3.6
Kosrae,KOS-25,2015,50m,ML,MM,KCSO-KIRMA,Buoy-31 Walung,Outer,0,0.4,0.8,0,0,0,0,0,0,0,0,0,0,0.8,0,0,0.4,0,0,6,0,0,0,0,12,0,0,0,0,2,0,0,0,0,0,0.4,0,0,0,0,0,0,0,1.6,0,0,0,8,0,0,3.2,9.2,0,0,0,0,0,0,0,8,0,0.4,0,0,0,0,0,0,1.6,0,0,0,0,0,1.2,0,0,0,0,0,0,0,7.2,0,0,0,0,0,0,0,0,0,0,0,0,0,0,0,0,11.2,0,0,24.8,0,0.8
Kosrae,KOS-25,2015,50m,ML,MM,KCSO-KIRMA,Buoy-31 Walung,Outer,0,0.4,0,0,0,0,0,0,0,0,0,0,0.8,0,0,0,0.4,0,0,5.6,0,0,0,0,12,0,0,0,0.4,1.6,0,0,0,1.2,0,0,0,0,0,0,0,0,0,0.4,0,0,0,8.8,0,0,5.2,3.6,0,0,0,0,0,0,0,0,0,1.6,0,0,0,0,0,0,6,0.8,0,0,0,0,0.4,0,0,0.4,0,0,0,0.4,2.8,0,0,0,0,0,0,0,0,0,0,0,0,0,0,0,0,10.4,0,0.8,29.6,0,6.4
Kosrae,KOS-26,2016,50m,KCSO,KCSO,KCSO,KCSO Tafunsak MPA,Inner,0,0,0,0,0,0,0,0,0,0,0,0,0,0,0,0,0,0,0,0,0,0,0,0,0,0,0,0,0,0,0,0,0,0,0,17.10526316,0,0,0,0,0,0,0,0.657894737,0,0,0,7.894736842,0,0,0.657894737,0,0,0,0,0,0,0,0,3.289473684,0,0,0,0,0,0,0,0,0,0,0,0,0,0,0,0,0,0,0,0,0,0,0,0,0,0,0,0,0,0,0,0,0,0,3.289473684,0,0,0,0,33.55263158,0,17.10526316,4.605263158,0,11.84210526
Kosrae,KOS-26,2016,50m,KCSO,KCSO,KCSO,KCSO Tafunsak MPA,Inner,0,0,0,0,0,0,0,0,0,0,0,0,0,0,0,0,0,0,0,0,0,0,0,0,0,0,0,0,0,0,0,0,0,0,0,2.840909091,0,0,0,0,0,0,0,0.568181818,0,0,0,23.86363636,0,0,0,0.568181818,0,0,0,0,0,0,0,0,0,0,0,0,0,0,0,0,0,0,0,0,0,0,0,0,0,0,0,0,0,0,0,0,0,0,0,0,0,0,0,0,0,0,0,0,0,0,0,15.34090909,0,28.40909091,1.136363636,0,27.27272727
Kosrae,KOS-26,2016,50m,KCSO,KCSO,KCSO,KCSO Tafunsak MPA,Inner,0,0,0,0,0,0,0,0,0,0,0,0,0,0,0,0,0.574712644,0.574712644,0,0,0,0,0,0,0,0,0,0,0,0,0,0,0,0,0,6.32183908,0,0,0,0,0,0,0,0,0,0,2.873563218,40.8045977,0,0,0,0,0,0,0,0,0,0,0,0.574712644,0,0,0,0,0,0,0,0,0,0,0,0,0,0,0,0,0,0,0,0,0,0,0,0,0,0,0,0,0,0,0,0,0,0,0,0,0,0,0,13.79310345,0,10.34482759,0,0,24.13793103
Kosrae,KOS-26,2016,50m,KCSO,KCSO,KCSO,KCSO Tafunsak MPA,Inner,0,0,0,0,0,0,0,0,0,0,0,0,0,0,0,0,0,0.490196078,0,0,0,0,0,0,0,0,0,0,0,0,0,0,0,0,0,3.431372549,0,0,0,0,0,0,0,0,0,0,0,25.98039216,0,0,0,0,0,0,0,0,0,0,0,0.490196078,0,0,0,0,0,0,0,0,0,0.490196078,0,0,0,0,0,0,0,0,0,0,0,0,0,0,0,0,0,0,0,0,0,0,0,0,0,0,0,2.450980392,0,7.843137255,0,28.43137255,0,0,30.39215686
Kosrae,KOS-26,2016,50m,KCSO,KCSO,KCSO,KCSO Tafunsak MPA,Inner,0,1.530612245,0,0,0,0,0,0,0,0,0,0,0,0,0,0,0,0.510204082,0,0,0,0.510204082,1.020408163,0,0,0,0,0,0,0,0,0,0,0,0,11.2244898,0,0,0,0,0,0,0,0,0,1.020408163,0,25.51020408,0,0,0,0,0,0,0,0,0,0,0,1.020408163,0,0,0,0,0,0,0,0,0,0,0,0,0,0,0,0,0,0,0,0,0,0,3.06122449,0,0,0,0,0,0,0,0,0,0,0,2.040816327,0,0,0.510204082,0,15.30612245,0,9.693877551,0,0,27.04081633
Kosrae,KOS-27,2016,50m,KCSO,KCSO,KCSO,KCSO Tafunsak Reference,Inner,0,0,0,0,0,0,0,0,0,0,0,0,0,0,0,0,0,0.5,0,0,0,0,0,0,0,0,0,0,0,0,0,0,0,0,0,12.5,0,0,0,0,0,0,0,0,0,0,0,25.5,0,0,0,0,0.5,0,0,0,0,0,0,0,0,0,0,0,0,0,0,0,0,0,0,0,0,0,0,0,0,0,0,0,0,0,2.5,0,0,0,0,0,0,0,0,0,0,0,0,0,0,0,0,15,0,20,0,0,23.5
Kosrae,KOS-27,2016,50m,KCSO,KCSO,KCSO,KCSO Tafunsak Reference,Inner,0,0,0,0,0,0,0,0,0,0,0,0,0,0,0,0,0,0,0,0,0,0,0,0,0,0,0,0,0,0,0,0,0,0,0,0,0,0,0,0,0,0,0,0,0,0,0,22.5,0,0,0,0,0,0,0,0,0,0,0,0,0,0,0,0,0,0,0.5,0,0,0,0,0,0,0,4.5,0,0,0,0,0,0,0,10,0,0,0,0,0,0,0,0,0,0,0,0,0,0,0,0,11.5,0,37,0,0,14
Kosrae,KOS-27,2016,50m,KCSO,KCSO,KCSO,KCSO Tafunsak Reference,Inner,0,0,0,0,0,0,0,0,0,0,0,0,0,0,0,0,0,1.01010101,0,0,0,0,0,0,0,0,0,0,0,0,0,0,0,0,0,21.71717172,0,0,0,0,0,0,0,0,0,0,0,14.14141414,0,0,0,0,0,0,0,0,0,0,0,0,0,0,0,0,0,0,0,0,0,0,0,0,0,0,10.60606061,0,0,0,0,0,0,0,1.01010101,0,0,0,0,0,0,0,0,0,0,0,2.02020202,0,0,0,0,8.080808081,0,31.81818182,0,0,9.595959596
Kosrae,KOS-27,2016,50m,KCSO,KCSO,KCSO,KCSO Tafunsak Reference,Inner,0,0,0,0,0,0,0,0,0,0,0,0,0,0,0,0,0,0.492610837,0,0,0,0,0,0,0,0,0,0,0,0,0,0,0,0,0,7.881773399,0,0,0,0,0.492610837,0,0,0,0,0,0,15.27093596,0,0,0,0,0,0,0,0,0,0,0,0,0,0,0,0,0,0,0,0,0,0,0,0,0,0,3.9408867,0,0,0,0,0,0,0,0.985221675,0,0,0,0,0,0,0,0,0,0,0,0,0,0,0,0,10.34482759,0,44.33497537,4.433497537,0,11.8226601
Kosrae,KOS-27,2016,50m,KCSO,KCSO,KCSO,KCSO Tafunsak Reference,Inner,0,0,0,0,0,0,0,0,0,0,0,0,0,0,0,0,0,0,0,0,0,0,0,0,0,0,0,0,0,0,0,0,0,0,0,0,0,0,0,0,0,0,0,0,0,0,0,0,0,0,0,0,0,0,0,0,0,0,0,0,0,0,0,0,0,0,0,0,0,0,0,0,0,0,0,0,0,0,0,0,0,0,0,0,0,0,0,0,0,0,0,0,0,0,0,0,0,0,0,0,0,100,0,0,0
Kosrae,KOS-29,2016,50m,KCSO,KCSO,KCSO,KCSO UBR Buffer,Inner,0,0.543478261,0,0,0,0,0,0,0,0,0,0,0,0,0,0,0,0,0,0,0,0,0,0,0,0,0,0,0,0,0,0,0,0,0,1.086956522,0,0,0,0,0,0,0,0,0,0,0.543478261,6.52173913,0,0,0,0,0.543478261,0,0,0,0,0,0,0,0,0,0,0,0,0,0,0,0.543478261,0.543478261,0,0,0,0,0,0,0,0,0,0,4.347826087,0,10.86956522,9.239130435,0,0,0,0,0,0,0,0,0,0,0,0,0,0,0,1.630434783,0,9.782608696,5.434782609,0,48.36956522
Kosrae,KOS-29,2016,50m,KCSO,KCSO,KCSO,KCSO UBR Buffer,Inner,0,0,0,0,0,0,0,0,0,0,0,0,0,0,0.598802395,0.598802395,0,0.598802395,0,0,0,0,0,0,0,0,0,0,0,0,0,0,0,0,0,0,0,0,0,0,0,0,0,0,0,0,0,9.580838323,0,0,0,0,0,0,0,0,0,0,0,0,0,0,0,0,0,0,0,0,0,0,0,0,0,0,0.598802395,0,0,0,0,0,2.994011976,0,34.73053892,1.796407186,0,0,0,0,0,0,0,0,0,0,0,0,0,0,0,0.598802395,0,6.586826347,1.796407186,0,39.52095808
Kosrae,KOS-29,2016,50m,KCSO,KCSO,KCSO,KCSO UBR Buffer,Inner,0,0,0,0,0,0,0,0,0,0,0,0,2.285714286,0,1.714285714,0,0,0,0,0,0,0,0,0,0,0,0,0,0,0,0,0,0,0,0,0,0,0,0,0,0,0,0,0,0,0,0,13.71428571,0,0,0,0,0,0,0,0,0,0,0,0.571428571,0,0,0,0,0,0,0,0,0,0,0,0,0,0,0,0,0,0,0,0,0,0,17.71428571,0.571428571,0,0,0,0,0,0,0,0,0,0,0,0,0,0,0,0.571428571,0,20.57142857,0,0,42.28571429
Kosrae,KOS-29,2016,50m,KCSO,KCSO,KCSO,KCSO UBR Buffer,Inner,0,0,0,0,0,0,0,0,0,0,0,0,0,0,1.212121212,0,0,0,0,0,0,0,0,0,0,0,0,0,0,0,0,0,0,0,0,0,0,0,0,0,0,0,0,0,0,0,0,17.57575758,0,0,0,0,0,0,0,0,0,0,0,0,0,0,0,0,0,0,0,0,0.606060606,0,0,0,0,0,0,0,0,0,0,0,0,0,15.15151515,0,0,0,0,0,0,0,0,0,0,0,0,0,0,0,0,2.424242424,0,29.6969697,0,0,33.33333333
Kosrae,KOS-29,2016,50m,KCSO,KCSO,KCSO,KCSO UBR Buffer,Inner,0,0.564971751,0,0,0,0,0,0,0,0,0,0,0,0,2.259887006,0,0,0,0,0,0,0.564971751,0,0,0,0,0,0,0,0,0,0,0,0,0,1.129943503,0,0,0,0,0,0,0,0,0,0,0,32.20338983,0,0,0,0,0,0,0,0,0,0,0,0,0,0,0,0,0,0,0,0,1.129943503,0,0,0,0,0,0,0,0,0,0,0,0.564971751,0,8.474576271,0,0,0,0,0,0,0,0,0,0,0,0,0,0,0,0,4.519774011,0,14.68926554,0,0,33.89830508
Kosrae,KOS-28,2016,50m,KCSO,KCSO,KCSO,UBR,Inner,0,0,0,0,0,0,0,0,0,0,0,0,0,0,0,0,0,0,0,0,0,0,0,0,0,0,0,0,0,0,0,0,0,0,0,28.19148936,0,0,0,0,0,0,0,0,0,0,0,49.46808511,0,0,0,0,0,0,0,0,0,0,0,0,0,0,0,0,0,0,0,0,0,0,0,0,0,0,0,0,0,0,0,0,0,0,0,0,0,0,0,0,0,0,0,0,0,0,0,0,0,0,0,14.36170213,0,0,0,0,7.978723404
Kosrae,KOS-28,2016,50m,KCSO,KCSO,KCSO,UBR,Inner,0,0,0,0,0,0,0,0,0,0,0,0,0,0,0,0,0,0,0,1.03626943,0,0,0,0,0,0,0,0,0,0,0,0,0,0,0,0.518134715,0,0,0,0,0,0,0,0,0,0,0,47.66839378,0,0,0,0,0,0,0,0,0,0,0,0,0,0,0,0,0,0,0,0,0,0,0,0,0,0,0,0,0,0,0,0,0,0,0,0,0,0,0,0,0,0,0,0,0,0,0,0,0,0,0,7.25388601,0,6.735751295,0,0,36.78756477
Kosrae,KOS-28,2016,50m,KCSO,KCSO,KCSO,UBR,Inner,0,0,0,0,0,0,0,0,0,0,0,0,0,0,0,0,0,0,0,0,0,0,0,0,0,0,0,0,0,0,0,0,0,0,0,0,0,0,0,0,0,0,0,0,0,0,0,73.33333333,0,0,0,0,0,0,0,0,0,0,0,0,0,0,0,0,0,0,0,0,0,0,0,0,0,0,0,0,0,0,0,0,0,0,0,0,0,0,0,0,0,0,0,0,0,0,0,0,0,0,0,7.179487179,0,3.58974359,0,0,15.8974359
Kosrae,KOS-28,2016,50m,KCSO,KCSO,KCSO,UBR,Inner,0,0,0,0,0,0,0,0,0,0,0,0,0,0,0,0,0,0,0,0,0,0,0,0,0,0,0,0,0,0,0,0,0,0,0,1.515151515,0,0,0,0,0,0,0,0,0,0,0,29.7979798,0,0,0,0,0,0,0,0,0,0,0,0,0,0,0,0,0,0,0,0,0,0.505050505,0,0,0,0,0,0,0,0,0,0,0,0,0,0,0,0,0,0,0,0,0,0,0,0,0,0,0,0,0,7.070707071,0,20.2020202,0,0,40.90909091
Kosrae,KOS-28,2016,50m,KCSO,KCSO,KCSO,UBR,Inner,0,0,0,0,0,0,0,0,0,0,0,0,0,0,0,0,0,0,0,0,0,0,0,0,0,0,0,0,0,0,0,0,0,0,0,0,0,0,0,0,0,0,0,0,0,0,0,44.21052632,0,0,0,0,0,0,0,0,0,0,0,0,0,0,0,0,0,0,0,0,0,0,0,0,0,0,0,0,0,0,0,0,0,0,1.052631579,0,0,0,0,0,0,0,0,0,0,0,0,0,0,0,0,10.52631579,0,15.26315789,1.578947368,0,27.36842105
Kosrae,KOS-1,2017,50m,ML,RC,UOG/CSP/KCSO/KIRMA,Buoy-16,Outer,0,0,0,0,0,0,0,0,0,0,0,0,0,0,0,0,0,2,0,9.2,0,0,0,0,0,0,0,0,0,1.6,0,0,0,0,0,0.4,0,0.8,0,0,0,0,0,0,0,0,0,0,1.2,0,19.2,6.4,0,0,0,0,0,0,0,2.4,0.8,0,0,0,0,0,0,0,0,0,0,0,0,0,0,0,0,0,0,0,2,0,20.4,0,0,0,0,0,0,0,0,0,0,0,0,0,0.8,0,0.8,12,0,0,3.6,0,16.4
Kosrae,KOS-1,2017,50m,ML,RC,UOG/CSP/KCSO/KIRMA,Buoy-16,Outer,0,0.4,0,0,0,0,0,0,0,0,0,0,0,0,0,0,0,0,0,2,0,0.4,0,0,0,0,0,0,0,0,0,0,0,0,0,1.6,0,0,0,0,0,0,0,0,0,0,0,0,0,0.4,21.6,13.6,0,0,0,0,0,0,0,0.8,0,0,0,0,0,0,0,0,0,0.4,0,0,0,0,0,0,0,0,0,0,0.8,0,17.6,0,0,0,0,0,0,0,0,0,0,0,0,0,2.4,0,0,14.4,0,0,8,0,15.6
Kosrae,KOS-1,2017,50m,ML,RC,UOG/CSP/KCSO/KIRMA,Buoy-16,Outer,0,0,0,0,0,0,0,0,0,0,0,0,4,0,0,0,0.8,0.8,0,3.6,0,0,0,0,0,0,0,0,0,1.6,0,0,0,0,0,2,0,0,0,0,0.4,0,0,0,0,0,0.4,0,0,1.2,17.2,11.2,0,0,0,0,0,0,0,1.2,1.2,0,0,0,0,0,0,0,0,0,0,0,0,0,0.4,0,0,0,0,0,0.8,0,11.2,0,0,0,0,0,0,0,0,0,0,0,0,0,1.6,0,0,15.2,0,0,6.8,0,18.4
Kosrae,KOS-1,2017,50m,ML,RC,UOG/CSP/KCSO/KIRMA,Buoy-16,Outer,0,0,0,0,0,0,0,0,0,0,0,0,0,0,0,0,0,0,0,7.6,0,0,0.8,0,0,0,0,0,0,0.8,0,0,0,0,0,0.4,0,0,0,0,0,0,0,0.8,0,0,0.4,0,2,0,21.6,11.2,0,0,0,0,0,0,0,0,0,0,0,0,0,0,0,0,0,0,0,0,0,0,0,0,0,0,0,0,1.2,0,16,0,0,0,0,0,0,0,0,0,0,0,0,0,0.8,0,0,11.2,0,0,8.8,0,16.4
Kosrae,KOS-1,2017,50m,ML,RC,UOG/CSP/KCSO/KIRMA,Buoy-16,Outer,0,0.8,0,0,0,0,0,0,0,0,0,0,0,0,0,0,0,0,0,12.4,0,0,0,0,0,0,0,0,0,3.6,0,0,0,0,0,0.4,0,0,0,0,0.4,0,0,0,0,0,0,0,0,0.4,14.8,3.6,0,0,0,0,0,0,0,0,0,0,0,0,0,0,0,0,0,0,0,0,0,0,0.4,0,0,0,0,0,3.2,0,11.6,0,0,0,0,0,0,0,0,0,0,0,0,0,0,1.2,0,16.4,0,0.4,10.8,0,19.6
Kosrae,KOS-10,2017,50m,ML,RC,UOG/CSP/KCSO/KIRMA,Buoy-8,Outer,0,0,0,0,0,0,0,0,0,0,0,0,0,0,0,0,0,0,0,0,0,0,0,0,0,0,0,0,0,0,0,0,0,0,0,1.6,0,0,0,0,0.8,0,0,0.4,0,0,0,0,0,0.4,0.8,1.2,0,0,0,0,0,0,0,0,0,0,0,0,0,0,0,0,0,0,0,0,0,0.8,3.6,0,0,0,0,0,0,0,14,0,0,0,0,0,0,0,0,0,0,0,0,0,0,0,0,33.2,0,0,20,0,23.2
Kosrae,KOS-10,2017,50m,ML,RC,UOG/CSP/KCSO/KIRMA,Buoy-8,Outer,0,0,0,0,0,0,0,0,0,0,0,0,0,0,0,0,0,0,0,0,0,0,0,0,0,0,0,0,0,0,0,0,0,0,0,2.8,0,0,0,0,0.4,0,0,1.2,0,0,0,0,0.4,0,2.8,2,0,0,0,0,0,0,0,0,0,0,0,0,0,0,0,0,0,0.8,0,0,0,0,2.4,0,0,0,0,0,0,0,8.8,0,0,0,0,0,0,0,0,0,0,0,0,0,0,0,0,41.6,0,0,14.4,0,22.4
Kosrae,KOS-10,2017,50m,ML,RC,UOG/CSP/KCSO/KIRMA,Buoy-8,Outer,0,0,0,0,0,0,0,0,0,0,0,0,0,0,0,0,0,0,0,0.8,0,0.8,0,0,0,0,0,0,0,0,0,0,0,0,0,4,0,0,0,0,0,0,0,0,0,0,0.4,0,0,0.8,4.4,1.6,0,0,0,0,0,0,0,0,0,0,0,0,0,0,0,0,0,0,0,0,0,0,3.6,0,0,0,0,0,0,0,8.4,0,0,0,0,0,0,0,0,0,0,0,0,0,0,0,0,34.8,0,0,11.2,0,29.2
Kosrae,KOS-10,2017,50m,ML,RC,UOG/CSP/KCSO/KIRMA,Buoy-8,Outer,0,0,0,0,0,1.2,0,0,0,0,0,0,0,0,0,0,0,0,0,0,0,0,0,0,0,0,0,0,0.4,0.8,0,0,0,0,0,0.8,0,0,0,0,0,0,0,0,0,0,0,0,0,1.2,1.6,0.4,0,0,0,0,0,0,0,0,0,0,0,0,0,0,0,0,0,0,0,0,0,0,2.8,0,0,0,0,0,0,0,14.4,0,0,0,0,0,0,0,0,0,0,0,0,0,0,0.4,0,28,0,0,12,0,36
Kosrae,KOS-10,2017,50m,ML,RC,UOG/CSP/KCSO/KIRMA,Buoy-8,Outer,0,0,0,0,0,0,0,0,0,0,0,0,0,0,0,0,0,0,0,0,0,0,0,0,0,0,0,0,0,0.4,0,0,0,0,0,2.4,0,0,0,0,0,0,0,0.4,0,0,0,0,0,0.4,0.4,1.2,0,0,0,0,0,0,0,0,0,0,0,0,0,0,0,0,0,0.8,0,0,0,0,1.2,0,0,0,0,0,0,0,13.6,0,0,0,0,0,0,0,0,0,0,0,0,0,0,0,0,31.6,0,0,26,0,21.6
Kosrae,KOS-16,2017,50m,ML,RC,UOG/CSP/KCSO/KIRMA,Buoy 44,Outer,0,0,0,0,0,0,0,0.8,0,0,0,0,0,0,0,0,0,1.2,0,0.4,0,5.2,0,0,0.4,0,0,0,0,3.6,0,0,0,0,0,1.2,0,0,0,0,0,0,0,0,0,0,0.8,0,0.4,1.2,1.6,1.6,0,0,0,0,0,0,0,0,0,0,0,0,0,0,0,0,0,0.4,0,0,0,0,1.6,0,0,0,0,0,2,0.4,8.4,0,0,0,0,0,0,0,0,0,0,0,0,0,0,0,0,27.6,0,0.8,27.2,0,13.2
Kosrae,KOS-16,2017,50m,ML,RC,UOG/CSP/KCSO/KIRMA,Buoy 44,Outer,0,0,0,0,0,0,0,0,0,0,0,0.4,0,0,0,0,0,0.8,0.4,0.4,0,6,0,0,0,0,0,0,0.4,4.8,0,0,0,0,0,1.6,0,0,0,0,0,0,0,1.2,0,0,0,0,0,2,2.8,0.8,0,0,0,0,0,0,0,0,0,0,0,0,0,0,0,0,0,0.8,0,0,0,0,1.2,0,0,0,0,0,0.4,0,4,0,0,0,0,0,0,0,0,0,0,0,0,0,0,0.4,0,41.6,0,0,22,0,8
Kosrae,KOS-16,2017,50m,ML,RC,UOG/CSP/KCSO/KIRMA,Buoy 44,Outer,0,0,0,0,0,0,0,0.4,0,0,0,0,3.2,0.8,0,0,0,1.2,0,0,0,4,0,0,0,0,0,0,0,1.2,0,0,0,0,0,6.4,0,0,0,0.4,0.4,0,0,2,0,0,0.8,0,0.4,2.4,1.6,0,0,0,0,0,0,0,0,0,0,0,0,0,0,0,0,0,0,0.4,0,0,0,0,0.4,0,0,0,0,0,2,1.2,3.6,0,0,0,0,0,0,0,0,0,0,0,0,0,0,0,0,36.8,0,0,22,0,8.4
Kosrae,KOS-16,2017,50m,ML,RC,UOG/CSP/KCSO/KIRMA,Buoy 44,Outer,0,0,0,0,0,0,0,0.8,0,0,0,0,1.6,0.4,0,0,0.4,0.4,0,0,0,4,0,0,0,0,0,0,0,1.2,0,0,0,0,0,3.2,0,0,0,0,0,0,0,1.2,0,0,0,0,0,2,2.4,0.4,0,0,0,0,0,0,0,0,0,0,0,0,0,0,0,0,0,0.4,0,0,0,0,0.4,0,0,0,0,0,0.4,0,1.2,0,0,0,0,0,0,0,0,0,0,0,0,0,0,0.8,0,36,0,0.4,30.8,0,11.6
Kosrae,KOS-16,2017,50m,ML,RC,UOG/CSP/KCSO/KIRMA,Buoy 44,Outer,0,0,0,0,0,0,0,0.4,0,0,0,0,0,0,0,0,0,0.4,0,0.8,0,5.6,0,0,0,0,0,0,0,1.2,0,0,0,0,0,9.6,0,0,0,0,0,0,0,0.4,0,0,0.4,0.8,0,1.2,4.4,0.4,0,0,0,0,0,0,0,0,0,0,0,0,0,0,0,0,0.8,0,0,0,0,0,0,0,0,0,0,0,0,0,1.2,0,0,0,0,0,0,0,0,0,0,0,0,0,0,0,0,40.4,0,1.2,22.8,0,8
Kosrae,KOS-24,2017,50m,ML,RC,UOG/CSP/KCSO/KIRMA,Buoy-53,Outer,0,0,0,0,0,0,0,0.4,0,0,0,0,0,0,0,0,0,0.4,0,0,0,4.8,0,0,0,0,0,0,0,0.4,0,0,0,0,0,7.6,0,0,0,0,0,0,0,0.4,0,0,0.4,0,0,0.4,1.6,0.4,0,0,0,0,0,0,0,0,0,0,0,0,0,0,0,0,0,1.2,0,0,0,0,4.4,0,0,0,0,0,0,0,0,0,0,0,0,0,0,0,0,0,0,0,0,0,0,0,0,48.8,0,0,19.6,0,9.2
Kosrae,KOS-24,2017,50m,ML,RC,UOG/CSP/KCSO/KIRMA,Buoy-53,Outer,0,0,0,0,0,0,0,0,0,0,0,0,0,0,0,0,0,0.8,0,0.4,0,0.4,0,0,0,0,0,0,0,0.4,0,0,0,0,0,2.4,0,0,0,0,0,0,0,0,0,0,0.8,0,0,0,0,4.4,0,0,0,0,0,0,0,0,0,0,0,0,0,0,0,0,0,0,0,0,0,0,1.6,0,0,0,0,0,0,0,0,0,0,0,0,0,0,0,0,0,0,0,0,0,0,0,0,52.8,0,0,27.6,0,8.4
Kosrae,KOS-24,2017,50m,ML,RC,UOG/CSP/KCSO/KIRMA,Buoy-53,Outer,0,0.8,0,0,0,0,0,0.8,0,0,0,0,0,0,0,0,0,0.8,0,0.4,0,3.2,0,0,0,0,0,0,0,0,0,0,0,0,0,2.8,0,0,0,0,0,0,0,0,0,0,0,0,0,5.6,1.6,6.4,0,0,0,0,0,0,0,0,0,0,0,0,0,0,0,0,0,0,0,0,0,0,3.2,0,0,0,0,0,0,0,0.4,0,0,0,0,0,0,0,0,0,0,0,0,0,0,0,0,46.8,0,0,13.6,0,13.6
Kosrae,KOS-24,2017,50m,ML,RC,UOG/CSP/KCSO/KIRMA,Buoy-53,Outer,0,0,0,0,0,0,0,0.4,0,0,0,0,0,0,0,0,0.4,0.4,0,0,0,2,0,0,0.8,0,0,0,0,0.4,0,0,0,0,0,7.2,0,0,0,0,0,0,0,0.4,0,0,0,0.8,0,1.6,0,2,0,0,0,0,0,0,0,0,0,0,0,0,0,0,0,0,0.8,0,0,0,0,0.8,2.4,0,0,0,0,0,0.8,0,1.2,0,0,0,0,0,0,0,0,0,0,0,0,0,0,0,0,50.8,0,0,17.2,0,9.6
Kosrae,KOS-24,2017,50m,ML,RC,UOG/CSP/KCSO/KIRMA,Buoy-53,Outer,0,0.8,0,0,0,0,0,0.8,0,0,0,0,0,1.2,0,0,1.6,1.6,0,1.2,0,6,0,0,0.4,0,0,0,0,3.6,0,0,0,0,0,1.6,0,0,0,0,0,0,0,2.4,0,0,0,0.4,0,2,1.2,1.6,0,0,0,0,0,0,0,0,0,0,0,0,0,0,0,0,0,1.2,0,0,0,0,1.6,0,0,0,0,0,2,0,0.4,0,0,0,0,0,0,0,0,0,0,0,0,0,0,0,0,40.4,0,0,12.4,0,15.6
Kosrae,KOS-9,2017,50m,ML,RC,UOG/CSP/KCSO/KIRMA,Buoy-39,Outer,0,0,0,0,0,0,0,0,0,0,0,0,2.4,0.4,0,0,0,0,0.4,0,0,1.2,0,0,0,0,0,0,0,1.6,0,0,0,1.6,0,0,0,0,0,0,0,0,0,0.4,0,0,0,0,0.4,0.4,26.4,16.8,0,0,0,0,0,0,0,0,0,0,0,0,0,0,0,0,0,0,0,0,0,0,4,0,0,0,0,0,2,0,3.2,0,0,0,0,0,0,0,0,0,0,0,0,0,0,0.8,0,12.4,0,0.4,14,0,11.2
Kosrae,KOS-9,2017,50m,ML,RC,UOG/CSP/KCSO/KIRMA,Buoy-39,Outer,0,0,0,0,0,0,0,0,0,0,0,0,2.4,0,0,0,0,0,0,0.4,0,0.8,0,0,0.4,0,0,0,0,2.8,0,0,0,0,0,2,0,0,0,0,0,0,0,1.2,0,0,0,0,1.6,0,16.4,3.6,0,0,0,0,0,0,0,0,0,0,0,0,0,0,0,0,0,0,0,0,0,0,1.6,0,0,0,0,0,0.8,0,2.8,0,0,0,0,0,0,0,0,0,0,0,0,0,1.6,2.4,0,19.2,0,2.4,20,0,17.6
Kosrae,KOS-9,2017,50m,ML,RC,UOG/CSP/KCSO/KIRMA,Buoy-39,Outer,0,0,0,0,0,0,0,0,0,0,0,0,0.803212851,0,0,0,1.606425703,0,0,0,0,1.204819277,0,0,0,0,0,0,0,3.212851406,0,0,0,1.606425703,0,2.008032129,0,0,0,0,0,0,0,0,0,0,0,0,1.606425703,0,30.52208835,8.43373494,0,0,0,0,0,0,0,0,0,0,0,0,0,0,0,0,0,0,0,0,0,0,0,0,0,0,0,0,1.204819277,0,3.212851406,0,0,0,0,0,0,0,0,0,0,0,0,0,2.409638554,0,0.401606426,15.26104418,0,2.409638554,14.45783133,0,9.638554217
Kosrae,KOS-9,2017,50m,ML,RC,UOG/CSP/KCSO/KIRMA,Buoy-39,Outer,0,0.4,0,0,0,0,0,0,0,0,0,0,0.8,0,0,0,0.4,0,0,0,0,0,0,0,0,0,0,0,0,1.2,0,0,0,0,0,2.4,0,0,0,0,0,0,0,0,0,0,0,0,0,0.8,28.4,15.2,0,0,0,0,0,0,0,0,0.4,0,0,0,0,0,0,0,0,0,0,0,0,0,0,0,0,0,0,0,0.8,0,5.6,0,0,0,0,0,0,0,0,0,0,0,0,0,4,0,0,16,0,0.4,9.6,0,13.6
Kosrae,KOS-9,2017,50m,ML,RC,UOG/CSP/KCSO/KIRMA,Buoy-39,Outer,0,0.4,0,0,0,0,0,0,0,0,0,0,4,0.4,0,0,0,0.4,0,0,0,0.8,0,0,0,0,0,0,0,0.4,0,0,0,0,0,3.6,0,0,0,0,0,0,0,0,0,0,0,0,0,0,29.2,6.8,0,0,0,0,0,0,0,0,0.4,0,0,0,0,0,0,0,0.8,0,0,0,0,0,1.6,0,0,0,0,0,0.4,0,3.6,0,0,0,0,0,0,0,0,0,0,0,0,0,2.4,0.8,0,16,0,3.2,7.6,0,17.2
Kosrae,KOS-3,2017,50m,KIRMA,RC,"KIRMA, CSP",Buoy-27,Outer,0,0,0,0,0,0,0,0,0,0,0,0,0,0.408163265,0,0,0,0,0,2.857142857,0,0.408163265,0,0,0,0,0,0,0,0.408163265,0,0,0,0,0,0,0,0,0,0,0,0,0,0,0,0,0,1.632653061,0,0,21.63265306,6.530612245,0,0,0,0,0,0,0,2.040816327,0,0,0,0.408163265,0,0,0,0,0,0.408163265,0,0,0,0,0,0,0,0,0,0,0,0,7.346938776,0,0,0,0,0,0,0,0,0,0,0,0,0,0,0.408163265,0,23.67346939,0,0.408163265,13.46938776,0.408163265,17.55102041
Kosrae,KOS-3,2017,50m,KIRMA,RC,"KIRMA, CSP",Buoy-27,Outer,0,0,0,0,0,0,0,0,0,0,0,0,0,1.632653061,0,0,0,0,0,1.224489796,0,1.632653061,0,0,2.448979592,0,0,0,0,0,0,0,0,0,0,0,0,0,0,0,0,0,0,0,0,0,0,3.673469388,2.857142857,0,6.530612245,5.714285714,0,0,0,0,0,0,0,1.224489796,0,0,0,0.408163265,0,0,0,0,0,0.408163265,0,0,0,0,0.408163265,0,0,0,0,0,0,0,11.02040816,0,0,0,0,0,0,0,0,0,0,0,0,0,0,0,0,27.75510204,0,1.632653061,17.95918367,0,13.46938776
Kosrae,KOS-3,2017,50m,KIRMA,RC,"KIRMA, CSP",Buoy-27,Outer,0,0,0,0,0,0,0,0,0,0,0,0,0,0.4,0,0,0,0,0,2.8,0,0,0,0,0.4,0,0,0,0,0,0,0,0,0,0,0,0,0,0,0,0,0,0,0,0,0,0,2,0,0,14.4,16,0,0,0,0,0,0,0,0.8,0,0,0,0,0,0,0,0,0,1.2,0,0,0,0,0.4,0,0,0,0,0,0,0,10,0,0,0,0,0,0,0,0,0,0,0,0,0,0,0,0,28.8,0,1.6,15.2,0,6
Kosrae,KOS-3,2017,50m,KIRMA,RC,"KIRMA, CSP",Buoy-27,Outer,0,0,0,0,0,0,0,0,0,0,0,0,0,0,0,0,0,0,0,5,0,0.833333333,0,0,2.916666667,0,0,0,0,0.833333333,0,0,0,0,0,0,0,0,0,0,0,0,0,0,0,0,0,0.416666667,3.75,0,5.833333333,13.75,0,0,0,0,0,0,0,0.416666667,0,0,0,0,0,0,0,0,0,1.666666667,0,0,0,0,0,0,0,0,0,0,0,0,6.666666667,0,0,0,0,0,0,0,0,0,0,0,0,0,0,0,0,32.08333333,0,2.916666667,17.5,0,5.416666667
Kosrae,KOS-3,2017,50m,KIRMA,RC,"KIRMA, CSP",Buoy-27,Outer,0,0,0,0,0,0,0,0,0,0,0,0,1.2,0,0,0,0,0,0,14,0,1.2,0,0,0.8,0,0,0,0,0,0,0,0,0,0,0.4,0,0,0,0,0,0,0,0,0,0,0,2.4,2.4,0,8,7.6,0,0,0,0,0,0,0,0.4,0,0,0,0,0,0,0,0,0,0.8,0,0,0,0,0,0,0,0,0,0,0,0,10,0,0,0,0,0,0,0,0,0,0,0,0,0,0,0,0,32.8,0,0.4,9.6,0,8
Kosrae,KOS-11,2017,50m,KIRMA,RC,"KIRMA, CSP",Buoy-TS,Outer,0,0,0,0,0,0,0,0,0,0,0,0,4.081632653,0,0,0,0,0,0,1.224489796,0,1.224489796,0,0,0,0,0,0,0,2.857142857,0,0,0,0,0,0,0,0,0,0,0,0,0,0,0,0,0,2.857142857,0.408163265,0,11.42857143,13.87755102,0,0,0,0,0,0,0,0,0,0,0,0,0,0,0,0,0,1.224489796,0,0,0,0,0.408163265,0,0,0,0,0,0,0,6.12244898,0,0,0,0,0,0,0,0,0,0,0,0,0,0,1.224489796,0,27.34693878,0,0,18.36734694,0,7.346938776
Kosrae,KOS-11,2017,50m,KIRMA,RC,"KIRMA, CSP",Buoy-TS,Outer,0,0,0,0,0,0,0,0,0,0,0,0,1.632653061,0,0,0,0.408163265,0,0,0.408163265,0,0,0,0,0,0,0,0,0,2.040816327,0,0,0,0,0,0.408163265,0,0,0,0,0,0,0,0,0,0,0,6.12244898,0.408163265,0,2.448979592,6.12244898,0,0,0,0,0,0,0,0,0,0,0,0.408163265,0,0,0,0,0.408163265,0.816326531,0,0,0,0,0.816326531,0,0,0,0,0,0,0,5.306122449,0,0,0,0,0,0,0,0,0,0,0,0,0,0,2.040816327,0,36.32653061,0,0.408163265,19.18367347,0,14.28571429
Kosrae,KOS-11,2017,50m,KIRMA,RC,"KIRMA, CSP",Buoy-TS,Outer,0,0,0,0,0,0,0,0,0,0,0,0,0.816326531,0.408163265,0,0,0,0,0,0.816326531,0,0.408163265,0.408163265,0,0,0,0,0,0,2.040816327,0,0,0,0,0,2.448979592,0,0,0,0,0,0,0,0,0,0,0,13.06122449,0,0,4.489795918,6.530612245,0,0,0,0,0,0,0,0,0,0,0,0,0,0,0,0,0,0,0,0,0,0,0,0,0,0,0,0,0,0,10.20408163,0,0,0,0,0,0,0,0,0,0,0,0,0,0,0.816326531,0,32.24489796,0,0,14.28571429,0,11.02040816
Kosrae,KOS-11,2017,50m,KIRMA,RC,"KIRMA, CSP",Buoy-TS,Outer,0,0,0,0,0,0,0,0,0,0,0,0,7.346938776,0,0,0,0,0,0,0.408163265,0,0.816326531,0,0,0,0,0,0,0,2.857142857,0,0,0,0,0,0,0,0,0,0,0.408163265,0,0,0,0,0,0,5.714285714,0.408163265,0,3.265306122,6.12244898,0,0,0,0,0,0,0,0,0,0,0,0,0,0,0,0,0.408163265,1.632653061,0,0,0,0,0.408163265,0,0,0,0,0,0,0,8.163265306,0,0,0,0,0,0,0,0,0,0,0,0,0,0,0.408163265,0,35.91836735,0,0,9.387755102,0,16.32653061
Kosrae,KOS-11,2017,50m,KIRMA,RC,"KIRMA, CSP",Buoy-TS,Outer,0,0,0,0,0,0,0,0,0,0,0,0,4.897959184,0,0,0,0,0.408163265,0.408163265,0.816326531,0,0,0,0,0,0,0,0,0,2.040816327,0,0,0,0,0,0.408163265,0,0,0,0,0,0,0,0,0,0,0,15.10204082,0,0,2.448979592,5.714285714,0,0,0,0,0,0,0,0,0,0,0,0,0,0,0,0,0,0,0,0,0,0,0.408163265,0,0,0,0,0,0,0,2.448979592,0,0,0,0,0,0,0,0,0,0,0,0,0,0,0.816326531,0,29.3877551,0,0,20,0,14.69387755
Kosrae,KOS-21,2017,50m,KIRMA,RC,"KIRMA, CSP",Yela,Inner,0,0,0,0,0,0,0,0,0,0,0,0,3.2,0,0,0,0,0,0,0,0,0,0.4,0,0,0,0,0,0,0,0,0,0,0,0,1.2,0,0,0,0,0,0,0,0,0,0,0,3.6,0.4,0,2,2,0,0,0,0,0,0,0,0,0,0,0,0,0,0,0,0,0,0,0,0,0,0,0,0,0,0,0,0,0,0,3.2,0,0,0,0,0,0,0,0,0,0,0,0,0,0.4,0.4,0,4.4,0,15.6,2.8,0,60.4
Kosrae,KOS-21,2017,50m,KIRMA,RC,"KIRMA, CSP",Yela,Inner,0,0,0,0,0,0,0,0,0,0,0,0,0.4,0.4,0,0,0,0,0,0,0,0.8,0,0,0,0,0,0,0,0,0,0,0,0,0,0,0,0,0,0,0,0,0,0,0,0,0,0.8,0,0,7.2,1.6,0,0,0,0,0,0,0,0,0,0,0,0,0,0,0,0,0,0,0,0,0,0,1.6,0,0,0,0,0,0,0,3.2,0,0,0,0,0,0,0,0,0,0,0,0,0,0,0.4,0.4,10.4,0,16.4,7.2,0,49.2
Kosrae,KOS-21,2017,50m,KIRMA,RC,"KIRMA, CSP",Yela,Inner,0,0,0,0,0,0,0,0,0,0,0,0,2.4,0,0,0,0,0,0,0,0,0.8,0,0,0,0,0,0,0,0,0,0,0,0,0,0.8,0,0,0,0,0,0,0.8,0,0,0,0,5.2,0.4,0,0.8,8,0,0,0,0,0,0,0,0,0,0,0,2,0,0,0,0,0,0,0,0,0,0,0.4,0,0,0,0,0,0.4,0,5.2,0,0,0,0,0,0,0,0,0,0,0,0,0,0.4,0,0,16,0,2.4,23.2,0,30.8
Kosrae,KOS-21,2017,50m,KIRMA,RC,"KIRMA, CSP",Yela,Inner,0,0,0,0,0,0,0,0,0,0,0,0,9.2,0,0,0,0,0,0,0,0,0.4,0.4,0,0,0,0,0,0,0,0,0,0,0,0,0.4,0,0,0,0,0,0,0,0,0,0,0,4.4,0,0,2.8,0.8,0,0,0,0,0,0,0,0,0,0,0,0,0,0,0,0,0,0,0,0,0,0,0.4,0,0,0,0,0,0.4,0,7.6,0,0,0,0,0,0,0,0,0,0,0,0,0,2.4,0,0,14.8,0,8.4,6.4,0,41.2
Kosrae,KOS-21,2017,50m,KIRMA,RC,"KIRMA, CSP",Yela,Inner,0,0,0,0,0,0,0,0,0,0,0,0,0,0,0,0,0,0,0,0.4,0,0.8,0,0,0,0,0,0,0,0,0,0,0,0,0,0,0,0,0,0,0,0,0,0,0,0,0,2.8,0,0,10,0.8,0,0,0,0,0,0,0,0,0,0,0,0,0,0,0,0,0,0,0,0,0,0,0.4,0,0,0,0,0,2.4,0,16.4,0,0,0,0,0,0,0,0,0,0,0,0,0,1.2,0,0,18.4,0,4,10.4,0,32
Kosrae,KOS-1,2019,50m,KCSO,AJKM,"UOG,KIRMA,KCSO",Buoy-16,Outer,0,0,0,0,0,0,0,0,0,0,0,0,0.8,0,0,0,0,0,0,9.2,0,0,1.2,0,0,0,0,0,0,0.4,0,0,0,0,0,0,0,0,0,0,0,0,0,0,0,0,0,0.4,0,0,11.6,12.8,0,0,0,0,0,0,0,0,0,0,0,0,0,0,0,0,0,0.4,0,0,0,0,2.8,0,0,0,0,1.2,0,0,10.8,0,0,0,0,0,0,0,0,0,0,0,0,0,0,0.4,0,26.8,0,1.2,15.6,0,4.4
Kosrae,KOS-1,2019,50m,KCSO,AJKM,"UOG,KIRMA,KCSO",Buoy-16,Outer,0,0,0,0,0,0,0,0,0,0,0,0,0,0,0,0,0,0,0,9.2,0,0.4,0,0,0,0,0,0,0,0,0,0,0,0,0,0,0,0,0,0,0,0,0,0,0,0,0,0.4,0,0,11.6,7.2,0,0,0,0,0,0,0,0.4,0,0,0,0,0,0,0,0,0,0,0,0,0,0,1.6,0,0,0,0,0.8,0,0,13.2,0,0,0,0,0,0,0,0,0,0,0,0,0,0,0.8,0,25.6,0,0.8,24.4,0,3.6
Kosrae,KOS-1,2019,50m,KCSO,AJKM,"UOG,KIRMA,KCSO",Buoy-16,Outer,0,0,0,0,0,0,0,0,0,0.392156863,0,0,0,0,0,0,0.392156863,0,0,1.568627451,0,0,0.392156863,0,0.392156863,0,0,0,0,1.568627451,0,0,0,0.392156863,0,0,0,0,0,0,0,0,2.745098039,0,0,0,0,0.392156863,0,0,17.64705882,8.62745098,0,0,0,0,0,0,0,0,0,0,0,0,0,0,0,0,0,0,0,0,0,0,1.568627451,0,0,0,0,0.784313725,0,0,13.7254902,0,0,0,0,0,0,0,0,0,0,0,0,0,0,0.392156863,0,20.78431373,0,1.176470588,20.39215686,0,6.666666667
Kosrae,KOS-1,2019,50m,KCSO,AJKM,"UOG,KIRMA,KCSO",Buoy-16,Outer,0,0,0,0,0,0,0,0,0,2.4,0,0,5.6,0,0,0,0,0,0,0,0,0,0,0,0,0,0,0,0,0.4,0,0,0,0,0,0,0,0,0,0,0,0,0,0.8,0,0,0,3.6,0,0,12.8,5.2,0,0,0,0,0,0,0,0.8,0,0,0,0,0,0,0,0,0,0,0,0,0,0,3.6,0,0,0,0,0.4,0,0,15.2,0,0,0,0,0,0,0,0,0,0,0,0,0,0,0,0,22.8,0,1.2,19.2,0,6
Kosrae,KOS-1,2019,50m,KCSO,AJKM,"UOG,KIRMA,KCSO",Buoy-16,Outer,0,0,0,0,0,0,0,0,0,0,0,0,0,0,0,0,0,0,0,6.666666667,0,0,0.888888889,0,0,0,6.666666667,0,0,0,0,0,0,0.444444444,0,0,0,0,0,0,0,0,0,0,0,0,0,4,0.444444444,0,10.66666667,4,0,0,0,0,0,0,0,0,0,0,0,0,0,0,0,0,0.444444444,0.444444444,0,0,0,0,7.111111111,0,0,0,0,0,0,0,17.33333333,0,0,0,0,0,0,0,0,0,0,0,0,0,0,0,0,16.88888889,0,0,14.22222222,0,9.777777778
Kosrae,KOS-3,2019,50m,KCSO,AJKM,"UOG,KIRMA,KCSO",Buoy-27,Outer,0,0,0,0,0,0,0,0,0,0,0,0,0,0,0,0,0,0,0,12.20472441,0,0,1.181102362,0,0.787401575,0,0,0,0,0,0,0,0,0,0,0,0,0,0,0,0,0,0,0,0,0,0,1.57480315,0,0,16.53543307,6.692913386,0,0,0,0,0,0,0,0.787401575,0,0,0,0,0,0,0,0,0,0.393700787,0,0,0,0,0.393700787,0,0,0,0,0,0,0,14.17322835,0,0,0,0,0,0,0,0,0,0,0,0,0,0,0.393700787,0,19.68503937,0,1.57480315,19.29133858,0,4.330708661
Kosrae,KOS-3,2019,50m,KCSO,AJKM,"UOG,KIRMA,KCSO",Buoy-27,Outer,0,0,0,0,0,0,0,0,0,0,0,0,0,0,0,0,0,0,0,2.4,0,0,0,0,0,0,0,0,0,0,0,0,0,0,0,0,0,0,0,0,0,0,0,0,0,0,0,0.8,0.4,0,18.8,9.2,0,0,0,0,0,0,0,2.4,0,0,0,0,0,0,0,0,0,0,0,0,0,0,0,0,0,0,0,2.8,0,0,20.4,0,0,0,0,0,0,0,0,0,0,0,0,0,0,0,0,13.2,0,4,17.6,0,8
Kosrae,KOS-3,2019,50m,KCSO,AJKM,"UOG,KIRMA,KCSO",Buoy-27,Outer,0,0,0,0,0,0,0,0,0,0,0,0,0,0,0,0,0,0,0,3.265306122,0.408163265,0,0,0,0.816326531,0,0,0,0,0,0,0,0,0,0,0.408163265,0,0,0,0,0,0,0,0,0,0,0,0.816326531,2.857142857,0,7.346938776,6.530612245,0,0,0,0,0,0,0,2.448979592,0,1.224489796,0,0,0,0,0,0,0.408163265,0,0,0,0,0,0.816326531,0,0,0,0,1.632653061,0,0,23.67346939,0,0,0,0,0,0,0,0,0,0,0,0,0,0,0,0,17.14285714,0,1.632653061,19.59183673,0,8.979591837
Kosrae,KOS-3,2019,50m,KCSO,AJKM,"UOG,KIRMA,KCSO",Buoy-27,Outer,0,0,0,0,0,0,0,0,0,0,0,0,0,0,0,0,0,0,0,11.42857143,0,0,0.408163265,0,1.632653061,0,0,0,0,0,0,0,0,0,0,0,0,0,0,0,0,0,0,0,0,0,0,3.265306122,0.408163265,0,4.489795918,8.163265306,0,0,0,0,0,0,0,0.408163265,0,0,0,0,0,0,0,0,0,0,0,0,0,0,1.224489796,0,0,0,0,0.408163265,0,0,25.71428571,0,0,0,0,0,0,0,0,0,0,0,0,0,0,0,0,12.65306122,0,1.224489796,21.2244898,0,7.346938776
Kosrae,KOS-3,2019,50m,KCSO,AJKM,"UOG,KIRMA,KCSO",Buoy-27,Outer,0,0,0,0,0,0,0,0,0,0,0,0,0,0,0,0,0,0,0,9.2,0,0,0,0,0.8,0,0,0,0,0,0,0,0,0,0,0.4,0,0,0,0,0,0,0,0,0,0,0,5.6,2,0,11.2,12.4,0,0,0,0,0,0,0,3.2,0,0,0,0,0,0,0,0,0,0.4,0,0,0,0,0,0,0,0,0,0,0,0,14,0,0,0,0,0,0,0,0,0,0,0,0,0,0,0,0,19.2,0,3.6,13.2,0,4.8
Kosrae,KOS-25,2019,50m,KCSO,AJKM,"UOG,KIRMA,KCSO",Buoy-31 Walung,Outer,0,0,0,0,0,0,0,0,0,0,0,0,0,0,0,0,0,0,0,4,0,0,0,0,8.8,0,0,0,0,0.4,0,0,0,0,0,0,0,0,0,0,0,0,0,0.4,0,0,0,4.8,0,0,7.2,3.6,0,0,0,0,0,0,0,0.4,0,0,0,0,0,0,0,0,4.8,0,0,0,0.4,0,0.4,0,0,0.4,0,0.4,0,0,4.8,0,0,0,0,0,0,0,0,0,0,0,0,0,0,0,0,14.8,0,4,31.6,0,8.8
Kosrae,KOS-25,2019,50m,KCSO,AJKM,"UOG,KIRMA,KCSO",Buoy-31 Walung,Outer,0,0,0,0,0,0,0,0,0,0,0,0,0,0,0,0,0,0,0,1.632653061,0,0,0,0,12.65306122,0,0,0,0,0,0,0,0,0,0,0,0,0,0,0,0,0,0,1.224489796,0,0,0,1.224489796,0,0,8.979591837,1.224489796,0,0,0,0,0,0,0,0,0,0,0,0,0,0,0,0,0,0,0,0,0,0,1.224489796,0,0,0,0,0,0,0,11.02040816,0,0,0,0,0,0,0,0,0,0,0,0,0,0,0.408163265,0,16.32653061,0,0.816326531,28.16326531,0,15.10204082
Kosrae,KOS-25,2019,50m,KCSO,AJKM,"UOG,KIRMA,KCSO",Buoy-31 Walung,Outer,0,0,0,0,0,0,0,0,0,0,0,0,0.409836066,0,0,0,0.409836066,0,0,2.459016393,0,0,0,0,11.06557377,0,0,0,0,0,0,0,0,0,0,0,0,0,0,0,0,0,0,0,0,0,0,3.278688525,0,0,12.29508197,4.508196721,0,0,0,0,0,0,0,4.918032787,0,0.409836066,0,0,0,0,0,0,0.409836066,0.409836066,0,0,0,0,0.819672131,0,0,0,0,0,0,0,5.327868852,0,0,0,0,0,0,0,0,0,0,0,0,0,0,0,0,15.98360656,0,0,32.78688525,0,4.508196721
Kosrae,KOS-25,2019,50m,KCSO,AJKM,"UOG,KIRMA,KCSO",Buoy-31 Walung,Outer,0,0.434782609,0,0,0,0,0,0,0,0,0,0,2.608695652,0,0,0,0,0,0,8.695652174,0,0,0,0,6.52173913,0,0,0,0,0.434782609,0,0,0,0,0,0,0,0,0,0,0,0,0,0.434782609,0,0,0,0.869565217,0,0,4.782608696,5.217391304,0,0,0,0,0,0,0,3.043478261,0,0,0,0,0,0,0,0,0,0,0,0,0,0,3.043478261,0,0,0,0,0,0,0,8.695652174,0,0,0,0,0,0,0,0,0,0,0,0,0,0,0,0,19.13043478,0,3.043478261,27.82608696,0,5.217391304
Kosrae,KOS-25,2019,50m,KCSO,AJKM,"UOG,KIRMA,KCSO",Buoy-31 Walung,Outer,0,0,0,0,0,0,0,0,0,0,0,0,0,0,0,0,0,0,0,6.666666667,0,0,0,0,12.15686275,0,0,0,0,0,0,0,0,0,0,0,0,0,0,0,0,0,0,0,0,0,0,0.784313725,0,0,5.098039216,7.058823529,0,0,0,0,0,0,0,0,0,0.784313725,0,0,0,0,0,0,1.176470588,0,0,0,0,0,3.137254902,0,0,0,0,0,0,0,13.33333333,0,0,0,0,0,0,0,0,0,0,0,0,0,0,0,0,16.47058824,0,0.784313725,23.1372549,0,9.411764706
Kosrae,KOS-7,2019,50m,KCSO,AJKM,"UOG,KIRMA,KCSO",Buoy-40,Outer,0,0,0,0,0,0,0,0,0,0,0,0,0.4,0,0,0,0,0,0,0,0,0,0,0,0,0,0,0,0,0,0,0,0,0,0,0,0,0,0,0,0,0,0,0,0,0,0,0.8,0,0,18.8,4.8,0,0,0,0,0,0,0,0,0,0,0,0,0,0,0,0,0,2.4,0,0,0,0,0.4,0,0,0,0,2.4,0,0,27.2,0,0,0,0,0,0,0,0,0,0,0,0,0,0,0.8,0,13.6,0,0.8,22.4,0,5.2
Kosrae,KOS-7,2019,50m,KCSO,AJKM,"UOG,KIRMA,KCSO",Buoy-40,Outer,0,0,0,0,0,0,0,0,0,0,0,0,1.6,0,0,0,0,0,0,0,0,0,0,0,0,0,0,0,0,0.4,0,0,0,0,0,0,0,0,0,0,0,0,0,0,0,0,0,0.4,0,0,19.6,2,0,0,0,0,0,0,0,0,0,1.2,0,0,0,0,0,0,0.4,1.2,0,0,0,0,1.6,0,0,0,0,4.4,0,0,18.4,0,0,0,0,0,0,0,0,0,0,0,0,0,0,1.2,0,14,0,2,26.8,0,4.8
Kosrae,KOS-7,2019,50m,KCSO,AJKM,"UOG,KIRMA,KCSO",Buoy-40,Outer,0,0,0,0,0,0,0,0,0,0,0,0,4.897959184,0,0,0,0,0,0,0,0,0,0,0,0,0,0,0,0,0,0,0,0,0,0,0,0,0,0,0,0,0,0,0,0,0,0,0.408163265,0,0,14.28571429,11.02040816,0,0,0,0,0,0,0,0,0,0.408163265,0,0,0,0,0,0,0.816326531,1.224489796,0,0,0,0,0,0,0,0,0,1.632653061,0,0,11.83673469,0,0,0,0,0,0,0,0,0,0,0,0,0,0,0.816326531,0,15.10204082,0,4.489795918,30.20408163,0,2.857142857
Kosrae,KOS-7,2019,50m,KCSO,AJKM,"UOG,KIRMA,KCSO",Buoy-40,Outer,0,0,0,0,0,0,0,0,0,0,0,0,0,0,0,0,0.4,0,0,0,0,0,0,0,0,0,0,0,0,0.4,0,0,0,0,0,0,0,0,0,0,0,0,0,0,0,0,0,2,0,0,14.4,6.8,0,0,0,0,0,0,0,0.4,0,0,0,0,0,0,0,0,0,2.4,0,0,0,0,2,0,0,0,0,2.4,0,0,14.4,0,0,0,0,0,0,0,0,0,0,0,0.8,0,0,0.8,0,20.4,0,0.4,30,0,2
Kosrae,KOS-16,2019,50m,KCSO,AJKM,"UOG,KIRMA,KCSO",Buoy 44,Outer,0,0,0,0,0,0,0,0,0,0,0,0,0,0,0,0,0.4,0,0,0.4,0,0.4,0,0,0.8,0,0,0,0,2,0,0,0,0,0,0,0,0,0,0,0,0,0,0.8,0,0,0,0.4,0,0,6,3.2,0,0,0,0,0,0,0,0,0,0,0,0,0,0,0,0,1.6,2,0,0,0,0,0.4,0,0,0,0,0.8,0,0,18.4,0,0,0,0,0,0,0,0,0,0,0,0,0,0,0.4,0,30.8,0,0.4,20.4,0,10.4
Kosrae,KOS-16,2019,50m,KCSO,AJKM,"UOG,KIRMA,KCSO",Buoy 44,Outer,0,0,0,0,0,0,0,0,0,0,0,0,0,0,0,0,0,1.304347826,0,0.434782609,0,0,0,0,1.739130435,0,0.434782609,0,0.434782609,3.47826087,0,0,0,0,0,0,0,0,0,0,0,0,0,0.434782609,0,0,0,0.434782609,0,0,2.608695652,2.608695652,0,0,0,0,0,0,0,0,0,0.434782609,0,0,0,0,0,0,0.434782609,1.739130435,0,0,0,0.434782609,0.434782609,0,0,0,0,0.869565217,0,0,13.91304348,0,0,0,0,0,0,0,0,0,0,0,0,0,0,0,0,34.34782609,0,0.434782609,20,0,13.04347826
Kosrae,KOS-16,2019,50m,KCSO,AJKM,"UOG,KIRMA,KCSO",Buoy 44,Outer,0,0,0,0,0,0,0,0,0,0,0,0,7.2,0,0,0,0,0.4,0,0.8,0,0,0,0,0.4,0,0,0,0,1.6,0,0,0,0,0,0,0,0,0,0,0,0,0,0.8,0,0,0,0,0,0,1.2,3.2,0,0,0,0,0,0,0,0,0,0.4,0,0,0,0,0,0,0.4,0,0,0,0,0,0.4,0,0,0,0,0,0,0,17.6,0,0,0,0,0,0,0,0,0,0,0,0,0,0,0,0,15.6,0,1.2,30.8,0,18
Kosrae,KOS-16,2019,50m,KCSO,AJKM,"UOG,KIRMA,KCSO",Buoy 44,Outer,0,0,0,0,0,0,0,0,0,0,0,0,4,0,0,0,0.4,0,0,0,0,0,0,0,0,0,0,0,0,0,0,0,0,0,0,0,0,0,0,0,0,0,0,0.4,0,0,0,0,0,0,2.8,0.8,0,0,0,0,0,0,0,0,0,2,0,0,0,0,0,0,0,1.2,0,0,0,0,0,0,0,0,0,0,0,0,14.4,0,0,0,0,0,0,0,0,0,0,0,0,0,0,0,0,24,0,2.4,29.6,0,18
Kosrae,KOS-16,2019,50m,KCSO,AJKM,"UOG,KIRMA,KCSO",Buoy 44,Outer,0,0,0,0,0,0,0,0,0,0,0,0,0.392156863,0,0,0,0,0.392156863,0,0.784313725,0,0,0,0,0.784313725,0,0,0,0,0.784313725,0,0,0,0,0,0,0,0,0,0,0,0,0,1.176470588,0,0,0.784313725,0,0,0,1.568627451,1.960784314,0,0,0,0,0,0,0,0.392156863,0,1.176470588,0,0,0,0,0,0,0,0.784313725,0,0,0,0,0,0,0,0,0,0,0,0,13.33333333,0,0,0,0,0,0,0,0,0,0,0,0,0,0,0,0,25.88235294,0,2.745098039,31.76470588,0,15.29411765
Kosrae,KOS-11,2019,50m,KCSO,AJKM,"UOG,KIRMA,KCSO",Buoy-TS,Outer,0,0,0,0,0,0,0,0,0,0,0,0,6.382978723,0,0,0,0,0,0,0,0,0,0,0,0,0.85106383,0,0,0,0,0,0,0,0,0,0,0,0,0,0,0,0,0,0,0,0,0,1.276595745,0,0,10.21276596,14.89361702,0,0,0,0,0,0,0,0,0,0,0,0,0,0,0,0,0,0,0,0,0,0,0,0,0,0,0,0,0,0,22.55319149,0,0,0,0,0,0,0,0,0,0,0,0,0,0,0,0,21.27659574,0,0.425531915,17.44680851,0,4.680851064
Kosrae,KOS-11,2019,50m,KCSO,AJKM,"UOG,KIRMA,KCSO",Buoy-TS,Outer,0,0.4,0,0,0,0,0,0,0,0,0,0,4.8,0,0,0,0.4,0,0,0,0,0,0,0,0,0,0,0,0,0.4,0,0,0,0,0,0,0,0,0,0,0,0,0,0,0,0,0,0.4,0.4,0,5.2,9.6,0,0,0,0,0,0,0,0,0,0.4,0,0,0,0,0,0,0,0.8,0,0,0.8,0,0.4,0,0,0,0,0,0,0,30.4,0,0,0,0,0,0,0,0,0,0,0,0,0,0,0.4,0,14.8,0,1.2,19.2,0,10
Kosrae,KOS-11,2019,50m,KCSO,AJKM,"UOG,KIRMA,KCSO",Buoy-TS,Outer,0,0,0,0,0,0,0,0,0,0,0,0,2.8,0,0,0,0.4,0,0,0,0,0,0.4,0,0,0,0,0,0,0,0,0,0,0,0,0,0,0,0,0,0,0,0,0,0,0,0,0.4,0,0,2,9.6,0,0,0,0,0,0,0,0,0,0.8,0,0,0,0,0,0,0,0,0,0,0,0,0.4,0,0,0,0,0.4,0,0,33.2,0,0,0,0,0,0,0,0,0,0,0,0,0,0,0.8,0,15.2,0,1.2,23.2,0,9.2
Kosrae,KOS-11,2019,50m,KCSO,AJKM,"UOG,KIRMA,KCSO",Buoy-TS,Outer,0,0,0,0,0,0,0,0,0,0,0,0,4.4,0,0,0,0,0,0,0,0,0,0,0,0,0,0.4,0,0,0,0,0,0,0,0,0,0,0,0,0,0,0,0,0,0,0,0,0,0,0,4,6.8,0,0,0,0,0,0,0,0.4,0,0.4,0,0,0,0,0,0,0,0.4,0,0,0,0,0.8,0,0,0,0,0,0,0,34.8,0.4,0,0,0,0,0,0,0,0,0,0,0,0,0,0,0,13.6,0,1.6,28,0,4
Kosrae,KOS-11,2019,50m,KCSO,AJKM,"UOG,KIRMA,KCSO",Buoy-TS,Outer,0,0,0,0,0,0,0,0,0,0,0,0,1.568627451,0,0,0,0,0,0,0.784313725,0,0,0,0,0,0,0,0,0,0,0,0,0,0,0,0,0,0,0,0,0,0,0,0,0,0,0,0.392156863,0,0,7.058823529,13.33333333,0,0,0,0,0,0,0,0,0,0.392156863,0,0,0,0,0,0,0,0.392156863,0,0,0,0,0.784313725,0,0,0,0,0,0,0,25.88235294,0,0,0,0,0,0,0,0,0,0,0,0,0,0,0,0,18.03921569,0,1.960784314,23.92156863,0,5.490196078
Kosrae,KOS-17,2019,50m,KCSO,AJKM,"UOG,KIRMA,KCSO",Buoy 50,Outer,0,0,0,0,0,0,0,0,0,0.769230769,0,0,0,0,0,0,1.153846154,1.538461538,0,0.384615385,0,0.769230769,0,0,0,0,0.769230769,0,0,0.384615385,0,0,0,0,0,0.769230769,0,0,0,0,0.384615385,0,0,5,0,0,0,0,0,0,1.923076923,1.538461538,0,0,0,0,0.384615385,0,0,0.769230769,0,0,0,0,0,0,0,0,0,0,0,0,0,4.615384615,0.769230769,0,0,0,0,0.769230769,0,0,3.846153846,0,0,0,0,0,0,0,0,0,0,0,0,0,0,0,0,21.92307692,0,0,45,0,6.538461538
Kosrae,KOS-17,2019,50m,KCSO,AJKM,"UOG,KIRMA,KCSO",Buoy 50,Outer,0,0.754716981,0,0,0,0,0,0,0,0.377358491,0,0,0,0,0,0,0,1.132075472,0,0,0,0,0,0,0,0,0,0,0,0,0.377358491,0,0,0,0,1.509433962,0,0,0,0,0,0,0,3.773584906,0,0,0,0.754716981,0,0,4.905660377,1.132075472,0,0,0,0,0,0,0,0,0,0,0,0,0,0,0,0,0,0.377358491,0,0,0,1.509433962,1.509433962,0,0,0,0,0.377358491,0,0,6.41509434,0,0,0,0,0,0,0,0,0,0,0,0,0,0,0,0,30.56603774,0,0,42.26415094,0,2.264150943
Kosrae,KOS-17,2019,50m,KCSO,AJKM,"UOG,KIRMA,KCSO",Buoy 50,Outer,0,0,0,0,0,0,0,0,0,0,0,0,0,0,0,0,0,0.392156863,0,0.392156863,0,0,0,0,0,0,0,0,0,0,0,0,0,0,0,0.392156863,0,0,0,0,0,0,0,0.392156863,0,0,0,0,0,0,0.784313725,3.137254902,0,0,0,0,0,0,0,0,0,0.392156863,0,0,0,0,0,0,0.392156863,0,0,0,0,1.176470588,1.568627451,0,0,0,0,0,0,0,7.450980392,0,0,0,0,0,0,0,0,0,0,0,0,0,0,0,0,34.90196078,0,0,44.31372549,0,4.31372549
Kosrae,KOS-17,2019,50m,KCSO,AJKM,"UOG,KIRMA,KCSO",Buoy 50,Outer,0,0,0,0,0,0,0,0,0,0,0,0,0,0,0,0,0,0,0,0,0,0,0,0,0,0,0,0,0,0,0,0,0,0,0,0.384615385,0,0,0,0,0.384615385,0,0,0.384615385,0,0,0,0,0,0,0,0.769230769,0,0,0,0,0,0,0,0,0,0,0,0,0,0,0,0,0,0,0,0,0,0,1.538461538,0,0,0,0,0.384615385,0,0,11.53846154,0,0,0,0,0,0,0,0,0,0,0,0,0,0,0,0,31.92307692,0,0,47.30769231,0,5.384615385
Kosrae,KOS-17,2019,50m,KCSO,AJKM,"UOG,KIRMA,KCSO",Buoy 50,Outer,0,0,0,0,0,0,0,0,0,0,0,0,0,0,0,0,0,0,0,0,0,0,0,0,0,0,2,0,0,0,0,0.8,0,0,0,0,0,0,0,0,0,0,0,1.6,0,0,0,0,0,0,4,4.4,0,0,0,0,0,0,0,0,0,0,0,0,0,0,0,0,0.4,0,0,0,0,0,2.4,0,0,0,0,0.4,0,0,12.4,0,0,0.4,0,0,0,0,0,0,0,0,0,0,0,0,0,21.6,0,0,48.4,0,1.2
Kosrae,KOS-24,2019,50m,KCSO,AJKM,"UOG,KIRMA,KCSO",Buoy-53,Outer,0,0,0,0,0,0.4,0,0,0,0,0,0,0.4,0,0,0,0.8,1.2,0,0,0,0,0,0,0,0,0,0,0.4,6.4,0,0.4,0,0,0.4,0,0,0,0,0,0,0,0,12.4,0,0,0.4,0,0,0,4.8,7.2,0,0,0,0,0,0,0,0.8,0,0.4,0,0,0,0,0,0,0,0.8,0,0,0,0,0.4,0,0,0,0,0.8,0,0,9.2,0,0,0,0,0,0,0,0,0,0,0,0,0,0,0.4,0,18,0,0,28.4,0,5.6
Kosrae,KOS-24,2019,50m,KCSO,AJKM,"UOG,KIRMA,KCSO",Buoy-53,Outer,0,0,0,0,0,0,0,0,0,0.754716981,0,0,0,0,0,0,0.377358491,1.509433962,0.377358491,0.754716981,0,0,0,0,0,0,2.641509434,0,0,4.150943396,0,0.377358491,0,0.377358491,0,0,0,0,0,0,0,0,0,12.45283019,0,0,0.754716981,1.509433962,0,0,1.132075472,1.509433962,0.377358491,0,0,0,0,0,0,11.69811321,0,0,0,0,0,0,0,0,0,0.377358491,0,0,0,0,0,0,0,0,0,1.132075472,0,0,2.641509434,0,0,0,0,0,0,0,0,0,0,0,0,0,0,0.377358491,0,15.09433962,0,0,32.0754717,0,7.547169811
Kosrae,KOS-24,2019,50m,KCSO,AJKM,"UOG,KIRMA,KCSO",Buoy-53,Outer,0,0,0,0,0,0,0,0,0,0,0,0,0,0,0,0,0,0,0,0.401606426,0,0.401606426,0,0,0,0,3.212851406,0,0,3.614457831,0,0,0,0.401606426,0,0,0,0,0,0,0,0,0,6.827309237,0,0,0.401606426,2.008032129,0,0,0.401606426,11.24497992,0,0,0,0,0,0,0,3.212851406,0,0,0,0,0,0,0,0,0,0.401606426,0,0,0,0,1.204819277,0,0,0,0,0.803212851,0,0,6.024096386,0,0,0,0,0,0,0,0,0,0,0,0,0,0,0,0,13.25301205,0,0,33.33333333,0,12.85140562
Kosrae,KOS-24,2019,50m,KCSO,AJKM,"UOG,KIRMA,KCSO",Buoy-53,Outer,0,0,0,0,0,0,0,0,0,0,0,0,0,0,0,0,0,0.4,0,0.4,0,0,0,0,0,0.4,1.6,0,0,2.8,0,0,0,0,0,0.4,0,0,0,0,0,0,0,11.2,0,0,0,1.6,0,0,2,2,0,0,0,0,0,0,0,1.6,0,0,0,0,0,0,0,0,0,0.8,0,0,0,0,2,0,0,0,0,0.8,0,0,6.4,0,0,0,0,0,0,0,0,0,0,0,0,0,0,0.4,0,25.6,0,0,30.4,0,9.2
Kosrae,KOS-24,2019,50m,KCSO,AJKM,"UOG,KIRMA,KCSO",Buoy-53,Outer,0,0,0,0,0,0,0,0,0,0,0,0,0,0,0,0,0,1.509433962,0,0.754716981,0,0.754716981,0,0,0,0,0.377358491,0,0,2.641509434,0,0,0,0,0.377358491,0,0,0,0,0,0,0,0,3.018867925,0,0,0,0,0,0,3.396226415,0.754716981,0,0,0,0,0,0,0,3.396226415,0,0,0,0,0,0,0,0,0.377358491,0.377358491,0,0,0,0,1.132075472,0,0,0,0,1.509433962,0,0,5.283018868,0,0,0,0,0,0,0,0,0,0,0,0,0,0,0,0,35.47169811,0,0,34.33962264,0,4.528301887
Kosrae,KOS-28,2019,50m,KCSO,AJKM,"UOG,KIRMA,KCSO",UBR,Inner,0,0,0,0,0,0,0,0,0,0,0,0,0,0,0,0,0,0,0,0,0,0,0,0,0,0,0,0,0,0,0.4,0,0,0,0,0,0,0,0,0,0.4,0,0,0,0,0,0,0,1.2,0,0,59.6,0,0,0,0,0,0,0,0,0,0.4,0,0,0,0,0,0,0,0.4,0,0,0,0,0,0,0,0,0,0,0,0,0,0,0,0,0,0,0,0,0,0,0,0,0,0,0,0,0,12,0,3.6,5.2,0,16.8
Kosrae,KOS-28,2019,50m,KCSO,AJKM,"UOG,KIRMA,KCSO",UBR,Inner,0,0,0,0,0,0,0,0,0,0,0,0,0,0,0,0,0,0,0,0,0,0,0,0,0,0,0,0,0,0,0,0,0,0,0,0,0,0,0,0,0,0,0,0,0,0,0,0,1.632653061,0,0,43.26530612,0,0,0,0,0,0,0,0,0,0,0,0,0,0,0,0,0,1.224489796,0,0,0,0,0,0,0,0,0,0,0,0,0,0,0,0,0,0,0,0,0,0,0,0,0,0,0,0,0,4.081632653,0,13.87755102,4.081632653,0,31.83673469
Kosrae,KOS-28,2019,50m,KCSO,AJKM,"UOG,KIRMA,KCSO",UBR,Inner,0,0,0,0,0,0,0,0,0,0,0,0,0,0,0,0,0,0,0,0,0,0,0,0,0,0,0,0,0,0,0,0,0,0.392156863,0,0,0,0,0,0,0,0,0,0,0,0,0,0,3.137254902,0,0,42.74509804,0,0,0,0,0,0,0,0,0,0,0,0,0,0,0,0,0,1.960784314,0,0,0,0,0,0,0,0,0,0,0,0,0,0,0,0,0,0,0,0,0,0,0,0,0,0,0,0,0,3.921568627,0,16.8627451,1.176470588,0,29.80392157
