"Site","geographic","local_name","reef_type","Y","X","Acanthurus.blochii","Acanthurus.guttatus","Acanthurus.lineatus","Acanthurus.maculiceps","Acanthurus.nigricauda","Acanthurus.xanthopterus","Aphareus.furca","Caesio.caerulaurea","Calotomus.carolinus","Carangoides.ferdau","Carangoides.orthogrammus","Caranx.lugubris","Caranx.melampygus","Cephalopholis.argus","Cephalopholis.urodeta","Cheilinus.trilobatus","Cheilinus.undulatus","Chlorurus.bleekeri","Chlorurus.frontalis","Chlorurus.microrhinos","Chlorurus.sordidus","Ctenochaetus.striatus","Elagatis.bipinnulata","Epinephelus.hexagonatus","Epinephelus.howlandi","Epinephelus.spilotoceps","Hipposcarus.longiceps","Kyphosus.cinerascens","Kyphosus.vaigiensis","Lethrinus.harak","Lethrinus.olivaceus","Lethrinus.xanthochilus","Lutjanus.argentimaculatus","Lutjanus.bohar","Lutjanus.fulvus","Lutjanus.gibbus","Lutjanus.monostigma","Lutjanus.semicinctus","Macolor.macularis","Macolor.niger","Monotaxis.grandoculis","Mulloidichthys.vanicolensis","Myripristis.adusta","Myripristis.sp","Naso.lituratus","Naso.unicornis","Naso.vlamingii","Parupeneus.barberinus","Parupeneus.bifasciatus","Pempheris.oualensis","Sargocentron.tiere","Scarus.dimidiatus","Scarus.forsteni","Scarus.frenatus","Scarus.ghobban","Scarus.oviceps","Scarus.psittacus","Scarus.rivulatus","Scarus.rubroviolaceus","Selar.crumenophthalmus","Siganus.argenteus","Siganus.doliatus","Siganus.punctatus"
"KOS-01","Southeast Corner","Buoy-16","Outer",5.265350946,162.9805157,0,0,0,0,0.728387052,0,0.280085856,0,0,0,0,0,0,0,0,0,0,0,0,0,0.955730005,0.161836067,0,0,0,0,0,0,0,0,0,0,0,0,0,0,0,0,0,0,0,0,0,0,0,0,0.53710971,0,0,0,0,0,0.278083007,0,0,0,0,0,0,0,0,0,0
"KOS-01","Southeast Corner","Buoy-16","Outer",5.265350946,162.9805157,0,0,0.120122878,0,0,0,0,0,0,0,0,0,0,0.572132238,0,0.132442017,0,0,0,0,0,0.074948994,0,0,0,0,0,0,0.089032393,0,0,0,0,0.050114643,0,0,0,0,0,0,0,0,0,0,0,0,0,0,0,0,0,0,0,0,0,0,0,0,0,0,0,0,0
"KOS-01","Southeast Corner","Buoy-16","Outer",5.265350946,162.9805157,0,0,0,0,0,0,0,0,0,0,0,0,0,0,0,0,0,0,0,0,0.509661889,0.6733892,0,0,0,0,0,0,0,0,0,0,0,0,0,0,2.435294193,0,0,0,0.492251882,0,0,0,0.397814061,0,1.948298839,0,0,0,0,0,0,0,0,0,0,0,0,0,0,0,0
"KOS-01","Southeast Corner","Buoy-16","Outer",5.265350946,162.9805157,0,0,0,0,0,0,0,0,0,0,0,0,0,0,0,0,0,0,0,0,0.306241644,0.224846982,0,0,0,0,0,0,0,0,0,0,0,0,0,0,0,0,0,0,0,0,0,0,0,0,0,0,0,0,0,0,0,0,0,0,0,0,0,0,0,0,0
"KOS-01","Southeast Corner","Buoy-16","Outer",5.265350946,162.9805157,0,0,0,0,0,0,0,0,0,0,0,0,0,0,0,0.613882723,0,0,0,0,0,0.563613537,0,0,0,0,0,0,0,0,0,0,0,0,0,0,0,0,0,0,0,0,0,0,0,0,0,0,0,0,0,0,0,0,0,0,0,0,0,0,0,0,0
"KOS-01","Southeast Corner","Buoy-16","Outer",5.265350946,162.9805157,0,0,0,0,0,0,0,0,0,0,0,0,0,0,0,0,0,0,0,0,0.098935738,0.186968216,0,0,0,0,0,0,0.089032393,0,0,0,0,0,0,0,0,0,0,0,0,0,0,0,0,0,0,0,0,0,0,0,0,0,0,0,0,0,0,0,0,0,0
"KOS-01","Southeast Corner","Buoy-16","Outer",5.265350946,162.9805157,0,0,0,0,0.437609045,0,0,0,0,0,0,0,0,0,0,0,0,0,0,0,1.085125374,0.329084526,0,0,0,0,0,0,0,0,0,0,0,0,0,0,0,0,0,0,0,0,0,0,1.077676562,0,0,0,0,0,0,0,0,0,0,0.236485279,0,0,0,0,0,0,0
"KOS-01","Southeast Corner","Buoy-16","Outer",5.265350946,162.9805157,0,0,0,0,0,0,0.495159184,0,0,0,0,0,0,0.199375578,0,0.207390806,0,0,0,0,0.456975281,0,0,0,0,0,0,0,0,0,0,0,0,0,0,0,0,0,0,0,0,0,0,0,0,0,0.886421069,0,0,0,0,0,0,0,0,0,0,0,0,0,0,0,0
"KOS-01","Southeast Corner","Buoy-16","Outer",5.265350946,162.9805157,0,0,0,0,0,0,0,0,0.374571435,0,0,0,0,0,0,0,0,0,0,0,0.239122184,0.274658417,0,0,0,0,0,0,0,0,0,0,0,0,0,0,0,0,0,0,0,0,0,0,0,0,0,0,0.342469488,0,0,0,0,0,0,0,0,0,0,0,0,0,0
"KOS-01","Southeast Corner","Buoy-16","Outer",5.265350946,162.9805157,0,0,0,0,0,0,0,0,0,0,0,0,0,0,0,0,0,0,0,2.94863796,0.516035919,0.41001806,0,0,0,0,0,0,0,0,0,0,0,0,0,0,0,0,0,0,0,0,0,0.070544279,0,0,0,0,0,0,0,0,0,0,0,0,0,0,1.25431429,0,0,0,0
"KOS-01","Southeast Corner","Buoy-16","Outer",5.265350946,162.9805157,0,0,0,0,0,0,0,0,0,0,0,0,0,0,0,0,0,0,0,8.886915404,1.076314347,0,0,0,0,0,0,0.624021237,0,0,0,0,0,0,0,0,0,0,0,0,0.281671691,0,0,0,0.679862501,0,1.618552801,0,0,0,0,0,0.403807159,0,0.597169906,0,0,0,0,0,0,0,0
"KOS-01","Southeast Corner","Buoy-16","Outer",5.265350946,162.9805157,0.294582291,0,0,0,0.396122906,0,0.119644916,0,0,0,0,0,0,0,0,0,0,0,0,0,0.222130341,0.555513234,0,0,0,0,0,0,0,0,0,0,0,0,0,0,0,0,0,0,0,0,0,0,0,0,0,0,0,0,0,0,0,0,0,0,0,0,0,0,0,0,0
"KOS-01","Southeast Corner","Buoy-16","Outer",5.265350946,162.9805157,0,0,0,0,0,0,0,0,0,0,0,0,0,0,0,0,0,0,0,0,0.457242701,0.50878649,0,0,0,0,0,0,0,0,0,0,0,0,0,0,0,0,0,0,0,0,0,0,0,0,0,0,0.199486906,0,0,0,0,0,0,0,0,0,0,0,0,0,0
"KOS-01","Southeast Corner","Buoy-16","Outer",5.265350946,162.9805157,0,0,0,0,0,0.203832047,0,0,0,0,0,0,0,0.07622084,0.038873118,0,0,0,0,0,0,0.385492996,0,0,0,0,0,0,0,0,0,0,0,0,0,0,0,0,0,0,0,0,0,0,0.12839508,0,0,0,0,0,0,0,0,0,0,0,0,0,0,0,0,0,0
"KOS-01","Southeast Corner","Buoy-16","Outer",5.265350946,162.9805157,0,0,0,0,0,0,0,0,0,0,0,0,0,0,0,0.671284187,0,0,0,0.252503415,0,0.523491212,0,0,0,0,0,0,0,0,0,0,0,0,0,0,0,0,0,0,0.217581047,0,0,0,0.719296325,0,0,0,0,0,0,0,0,0,0,0,0,0,0.258160206,0,0,0,0.134729172
"KOS-01","Southeast Corner","Buoy-16","Outer",5.265350946,162.9805157,0,0,0,0,0,0,0,0,0,0,0,0,0,0,0,0,0,0,0,0,0.222130341,3.314460084,0,0,0,0,1.500449643,0,0,0,0,0,0,0,0,0,0,0,0,0,0,0,0,0,0.287052565,0,0,0,0,0,0,0,0,0,0,0.626247122,0,0,0,0,0,0,0
"KOS-01","Southeast Corner","Buoy-16","Outer",5.265350946,162.9805157,0,0,0,0,0,0,0,0,0,0,0,0,0,0,0,0,0,0,0,0,0.710359963,0.135844068,0,0,0,0,0,0,0,0,0,0,0,0,0,0,0,0,0,0,0,0,0,0,0,0,0,0,0,0,0,0,0.131049395,0,0,0,0,0,0,0,0,0,0
"KOS-01","Southeast Corner","Buoy-16","Outer",5.265350946,162.9805157,0,0,0,0,0,0.203832047,0,0,0,0,0,0,0,0,0,0,0,0,0,0,0.518798019,0.373936432,0,0,0,0,0,0,0,0,0,0,0,0,0,0,0,0,0,0,0,0,0,0,0,0,0,0,0,0,0,0,0,0,0,0,0,0,0,0,0,0,0
"KOS-01","Southeast Corner","Buoy-16","Outer",5.265350946,162.9805157,0,0,0,0,0,0,0,0,0,0,0,0,0,0,0,0,0,0,0,0,0.532824933,0.553931508,0,0,0,0,0,0,0,0,0,0,0,0,0,0,0.232550292,0,0,0,0,0,0,0,0.679862501,0,0,0,0,0,0,0,0,0,0,0.27190713,0,0,0.490017132,0,0,0,0.134729172
"KOS-01","Southeast Corner","Buoy-16","Outer",5.265350946,162.9805157,0,0,0,0,0,0,0,0,0,0,0,0,0,0,0,0,0,0.25427266,0,0,0.480955804,0.358373076,0,0,0,0,0,0,0,0,0,0,0,0,0,0,0,0,0,0,0,0,0,0,0.197882576,0,0,0,0,0,0,0,0,0,0,0,0,0,0,0,0,0,0
"KOS-01","Southeast Corner","Buoy-16","Outer",5.265350946,162.9805157,0,0,0,0,0,0,0.103788678,0,0,0,0,0,0.220159628,0,0,0,0,0,0,0,0.625152823,0.185171078,0,0,0,0,0,0,0,0,0,0,0,0,0,0,0,0,0,0,0,0,0,0,0,0,0,0,0,0,0,0,0,0,0,0,0,0,0,0,0,0,0
"KOS-01","Southeast Corner","Buoy-16","Outer",5.265350946,162.9805157,0,0,0,0,0,0,0,0,0,0,0,0,0,0,0.038873118,0,0.786429855,0,0,0,0.247330638,0.107419389,0,0,0,0,0,0,0,0,0,0,0,0,0,0,0.180484043,0,0,0,0,0,0,0,0.885022061,0,0,0,0,0,0,0,0,0,0,0,0,0,0,0,0,0,0
"KOS-01","Southeast Corner","Buoy-16","Outer",5.265350946,162.9805157,0,0,0,0,0,0,0,0,0,0,0,0,0,0,0.194046606,0,0,0,0,0,1.135108314,0,0,0,0,0,0,0,0,0,0,0,0,0,0,0,0,0,0,0,0,0,0,0,0,0,0,0,0,0,0,0,1.091231474,0,0,0.447228451,0.361427268,0,0,0,0.47787202,0,0.513412998
"KOS-01","Southeast Corner","Buoy-16","Outer",5.265350946,162.9805157,0,0,0,0,0,0,0,0,0,0,0,0,0,0,0,0.207390806,0,0,0,0,0.386848512,0,0,0,0,0,0,0,0,0,0,0,0,0,0,0,0,0,0,0,0,0,0,0,0.321482264,0,0,0,0,0,0,0,0,0,0,0.626247122,0,0,0,0,0,0,0
"KOS-01","Southeast Corner","Buoy-16","Outer",5.265350946,162.9805157,0,0,0,0,0,0,0,0,0,0,0,0,0,0,0,1.699273445,0,0,0,0,0,0.167534533,0,0,0,0,0,0,0,0,0,0,0,0,0,0,0,0,0.318285933,0,0,0,0,0,0.679862501,0,0,0,0,0,0,0,0,0,0,0,0,0,0,0,0,0,0
"KOS-01","Southeast Corner","Buoy-16","Outer",5.265350946,162.9805157,0,0,0,0,0,0,0,0,0,0,0,0,0,0,0,0.112252782,0,0,0,0,0.37464633,0.035806463,0,0,0,0,0,0,0.089032393,0,0,0,0,0,0,0,0.36436184,0,0,0,0,0,0,0,0.34737495,0,0.226482366,0,0,0,0,0,0,0,0,0,0,0,0,0,0,0,0
"KOS-01","Southeast Corner","Buoy-16","Outer",5.265350946,162.9805157,0,0,0,0,0.176120127,0,0,0,0,0,0,0,0,0,0,0,0,0,0,0,0.572489101,0.553931508,0,0,0,0,0,0,0,0,0,0,0,0,0,0,0,0,0,0,0,0,0,0,0.358380237,0,0,0,0,0,0,0,0,0,0,0,0.218706182,0,0.330525724,0,0,0,0
"KOS-01","Southeast Corner","Buoy-16","Outer",5.265350946,162.9805157,0,0,0,0,0,0,0,0,0,0,0,0,0,0,0,0,0,0,0,0,0.475728867,0.418101922,0,0,0,0,0,0,0,0,0,0,0,0,0,0,0,0,0,0,0,0,0,0,0,0,0,0,0,0,0,0,0,0.59935071,0,0,0,0,0,0,0,0,0
"KOS-01","Southeast Corner","Buoy-16","Outer",5.265350946,162.9805157,0,0,0,0,0,0,0,0,0,0,0,0,0,0,0,0,0,0,0,0,0,0.31843019,0,0,0,0,0,0,0,0,0,0,0,0,0,0,0,0.297190872,0,0,0,0,0,0,0,0,0,0,0,0,0,0,0,0,0,0,0,0,0,0,0,0,0
"KOS-01","Southeast Corner","Buoy-16","Outer",5.265350946,162.9805157,0,0,0.141441991,0,0,0,0,0,0,0,0,0,0,0.025170466,0,0,0,0,0,0,0.086683537,0.035806463,0,0,0,0,0,0,0.118512472,0,0,0,0,0,0,0,0,0,0,0,0,0,0,0,0.149492374,1.45012612,0,0,0,0,0,0,0,0,0,0,0,0,0,0,0,0,0
"KOS-01","Southeast Corner","Buoy-16","Outer",5.265350946,162.9805157,0,0,0.120122878,0,0.176120127,0,0,0,0,0,0,0,0,0,0,0,0,0,0,0,0.625152823,0,0,0,0,0,0,0,0,0,0,1.12474271,0,0,0,0,0.205435138,0,0,0,0,0,0,0,0,0,0.886421069,0,0.502477529,0,0,0,0,0,0,0,0,0,0,0,0,0.093365097,0
"KOS-01","Southeast Corner","Buoy-16","Outer",5.265350946,162.9805157,0,0,0,0,0,0,0,0,0,0,0,0,0,0,0,0,0,0,0,0,0.760795578,0.925345088,0,0,0,0,0,0,0,0,0,0,0,0,0,0,0,0,0,0,0,0,0,0,0,0,0,0,0,0,0,0,0,0,0,0,0,0,0,0,0.578970879,0,0
"KOS-01","Southeast Corner","Buoy-16","Outer",5.265350946,162.9805157,0,0,0,0,0,0,0.217699781,0,0,0,0,0,0,0,0,0.064266061,0,0,0,0,0.037605796,0.280356883,0,0,0,0,0,0,0,0,0,0,0,0,0,0,0,0,0,0,0,0,0,0,0.149492374,0,0,0,0,0,0,0,0,0,0,0,0,0,0,0,0,0,0
"KOS-01","Southeast Corner","Buoy-16","Outer",5.265350946,162.9805157,0,0,1.171354584,0,0,0,0,0,0,0,0,0,0,0,0,0.064266061,0,0,0,2.02107705,0.287962793,0,0,0,0,0,0,0,0.219770543,0,0,0,0,0,0,0,0,0,0,0,0,0,0,0,0,0,0,0,0,0,0,0,0,0,0,0,0,0,0,0,0,0,0
"KOS-01","Southeast Corner","Buoy-16","Outer",5.265350946,162.9805157,0,0,0,0,0,0,0,0,0,0,0,0,0,0,0,0,0,0,0,0,1.122627319,0,0,0,0,0,0,0,0,0,0,0.966108611,0,0,0,0,0.261915251,0,0,0,0,0,0,0,0,0,0,0,0,0,0,0,0.488650146,0,0,0,0,0,0.428772079,0,0,0,0
"KOS-01","Southeast Corner","Buoy-16","Outer",5.265350946,162.9805157,0,0,0,0,0,0,0,0,0,0,0,0,0,0,0,0,0,0,0,0,0.760795578,0.555513234,0,0,0,0,0,0,0,0,0,0,0,0,0,0,0,0,0,0,0,0,0,0,0.287052565,0,0,0,0,0,0,0,0,0,0,0,0,0,0,0,0,0,0
"KOS-01","Southeast Corner","Buoy-16","Outer",5.265350946,162.9805157,0,0,0,0,0,0,0,0,0,0,0,0,0,0.667229967,0,0,0,0,0,0,0.466196476,0.135844068,0,0,0,0,0,0,1.073176111,0,0,0,0,0,0,0,0,0,0,0,0,0,0,0,0.225322816,0,0,0,0,0,0,0,0,0,0,0,0,0,0,0,0,0,0
"KOS-01","Southeast Corner","Buoy-16","Outer",5.265350946,162.9805157,0,0,0.989511372,0,0,0,0,0,0,0,0,0,0,0,0,0,0,0,0,2.02107705,0.340282063,0.140226162,0,0,0,0,0,0,0,0,0,0.757120588,0,0,0,0,0,0,0,0,0,0,0,0,0.757207701,0,0,0,0,0,0,0,0,0,0,0,0,0,0,0,0,0,0
"KOS-01","Southeast Corner","Buoy-16","Outer",5.265350946,162.9805157,0,0,0,0,0,0,0,0,0,0,0,0,0,0,0.150165782,0,0,0,0,0,0.957102325,0.739102586,0,0,0,0,0,0,0,0,0,0,0,0,0,0,0,0,0,0,0,0,0,0,0.679862501,0,0,0,0,0,0,0,0,0,0,0,0,0,0.455380575,0,0,0,0
"KOS-01","Southeast Corner","Buoy-16","Outer",5.265350946,162.9805157,0,0,0,0,0,0,0,0,0,0,0,0,0,0,0,0,0,0,0,0,0.325357754,0.449693964,0,0,0,0,0,0,0,0,0,0,0,0,0,0,0.588020746,0,0,0,0,0,0,0,0,0.752145558,0,0,0,0,0,0,0,0,0,0,0,0,0,0,0.445819038,0,0
"KOS-01","Southeast Corner","Buoy-16","Outer",5.265350946,162.9805157,0,0,0,0,0,0,0,0,0,0,0,0,0,0,0,0.07829275,0,0,0,0,0.329678535,0.454074307,0,0,0,0,0,0,0,0,0,0,0,0,0,0,0,0,0,0,0,0,0,0,0,0,0.381374068,0,0,0,0,0,0,0,0,0,0,0,0,0,0,0,0
"KOS-01","Southeast Corner","Buoy-16","Outer",5.265350946,162.9805157,0,0,0.120122878,0,0,0,0,0,0,0,0,0,0,0,0,0.052038429,0,0,0,0,1.344600823,0,0,0,0,0,0,0,0,0,0,0,0,0,0,0,0,0,0,0,0,0,0,0,0.149492374,0,0,0,0,0,0,0,0,0,0,0,0,0,0,0,0,0,0
"KOS-01","Southeast Corner","Buoy-16","Outer",5.265350946,162.9805157,0,0,0.261564869,0,0,0,0,0,0,0,0,0,0,0,0,0,37.47787795,0,0,0.326956029,1.752258509,0.6733892,0,0,0,0,0,0,0,0,0,0,0,0,0,0,0.232550292,0,0,0,0.317832024,0,0,0,0.719296325,1.026440778,0,0,0,0,0,0,0,0,0,0,0,0,0.371265101,0,0,0,0
"KOS-01","Southeast Corner","Buoy-16","Outer",5.265350946,162.9805157,0,0,0,0,0,0,0,0,0,0,0,0,0,0,0,0,0,0,0,2.173214126,0.938494374,0.92585539,0,0,0,0,0,0,0,0,0,0,0,0,0,0,0,0,0,0,0,0,0,0,0,0,0,0,0,0,0,0,0,0,0,0,0,0,0,0,0,0,0
"KOS-01","Southeast Corner","Buoy-16","Outer",5.265350946,162.9805157,0,0,0,0,0,0,0,0,0,0,0,0,0,0,0,0.339832823,0,0,0,0,0,0.364273675,0,0,0,0,0,0,0,0,0,0,0,0,0,0,0,0,0.11749862,0,0,0,0,0,0,0,0,0,0,0,0,0,0,0,0,0,0,0,0,0,0,0,0
"KOS-01","Southeast Corner","Buoy-16","Outer",5.265350946,162.9805157,0,0,0.23823804,0,0,0,0,0,0,0,0,0,0,0,0,0,0,0,0,0,0,0.312827278,0,0,0,0,0,0,0,0,0,0,0,0,0,0,0,0,0,0,0,0,0,0,0.149492374,0,0,0,0,0,0,0,0,0,0,0,0,0,0,0,0,0,0
"KOS-01","Southeast Corner","Buoy-16","Outer",5.265350946,162.9805157,0,0,0,0,0,0,0,0,0,0,0,0,1.227590593,0.856929374,0,0,0,0,0,0,0.58829242,0.40403352,0,0,0,0,0,0,0,0,0,0,0,0,0,0,0,0,0,0,0.248288546,0,0,0,0.397814061,0,0,0,0,0,0,0,0,0,0,0,0,0,0,0,0,0,0
"KOS-01","Southeast Corner","Buoy-16","Outer",5.265350946,162.9805157,0,0,0.283355227,0,0,0,0,0,0,0,0,0,0,0,0,0,0,0,0,0,0,1.086752544,0,0,0,0,0,0,0,0,0,0,0,0,0,0,0.261915251,0,0,0,0,0,0,0,0,0,0,0,0,0,0,0,0,0,0,0,0,0,0,0,0,0,0
"KOS-03","Walung Point","Buoy-27","Outer",5.28946583,162.9023588,0,0,0,0,0,0,0,0,0,0,0,0,0,0,0,0,0,0,0,0,0.230449311,0.258581142,0,0,0,0,0,0,0,0,0,0,0,0,0,0,0,0,0,0,1.036890114,0,0,0,0,0,0,0,0,0,0,0.356350255,0,0,0,0,0,0,0,0,0,0,0
"KOS-03","Walung Point","Buoy-27","Outer",5.28946583,162.9023588,0,0,0.240245756,0,0,0,0,0,0,0,0,0,0,0.464235583,0,0,0,0,0,0,0.312532747,0.272516423,0,0,0,0,0,0.148501321,0,0,0,0,0,0,0,0,0.221894031,0.297190872,0,0,0,0,0,0,0.576872202,0,0,0,0.230754933,0,0,0,0,0,0,0,0,0,0,0,0,0,0
"KOS-03","Walung Point","Buoy-27","Outer",5.28946583,162.9023588,0,0,0,0,0,0,0,0,0,0,0,0,0,0,0,0,0,0,0,0,0.73455433,0.76606477,0,0,0,0,0,0,0,0,0,0,0,0,0.180193263,0,0.205435138,0,0,0,0.189446897,10.37745682,0,0,0,0,0,0,0,0,0,0,0,0,0,1.450709513,0,0,0,0,0,0,0
"KOS-03","Walung Point","Buoy-27","Outer",5.28946583,162.9023588,0,0,0,0,0,0,0.995571274,0,0,0,0,0,0,0,0,0,0,0,0,0,0.253598526,0.4512894,0,0,0,0,0,0,0,0,0,0,0,0,0,0,0,0,0,0,0,0,0,0,0,0,0,0,0,0,0,0,0,0,0,0,0,0,0,0,0,0,0
"KOS-03","Walung Point","Buoy-27","Outer",5.28946583,162.9023588,0,0,0,0,0,0,0,0,0,0,0,0,0,0,0,0.104076858,0,0,0,0,0.266314581,0.13467784,0,0,0,0,0,0,0,0,0,0,0,0,0,0,0,0,0,0,0,0,0,0,0,0,0,0,0,0,0,0,0,0,0,0,0,0,0,0,0,0,0
"KOS-03","Walung Point","Buoy-27","Outer",5.28946583,162.9023588,0,0,0,0,0,0.309310613,0.059822458,0,0,0,0,0,0,0,0,0,0,0,0,0,0,0.232811701,0,0,0,0,0,0,0.831789481,0,0,0,0,0,0,0,0,0,0,0,0,0,0,0,0,0,0,0,0.171234744,0,0,0,0,0,0,0,0,0,0,0,0,0,0
"KOS-03","Walung Point","Buoy-27","Outer",5.28946583,162.9023588,0,0,0,0,0,0,0,0,0,0,0,0,0,0,0,0,0,0,0,0,1.547890881,0.774838027,0,0,0,0,0,1.436923597,0,0,0,0,0,0,0,0,0,0,0,0,0,0,0,0,0,0,0,0,0,0,0,0,0.403807159,0,0,1.479765816,0.249983682,0,0.330525724,0,0,0,0
"KOS-03","Walung Point","Buoy-27","Outer",5.28946583,162.9023588,0,0,0,0,0,0,0.247579592,0,0,0,0,0,0,0,0,0,0,0,0,0,0.888521364,0.238915384,0,0,0,0,0,0,0,0,0,0,0,0,0,0,0,0,0,0,0,0,0,0,0.395765152,0,0.381374068,0,0,0,0,0,0,0,0,0,0,0,0,0,0,0,0
"KOS-03","Walung Point","Buoy-27","Outer",5.28946583,162.9023588,0,0,0,0,0,0,0,0,0,0,0,0,0,0,0.082786986,0,0,0,0,0,0.45420865,0.166199746,0,0,0,0,0,0,0,0,0,0,0,0.050114643,0,0,0,0,0,0,0,0,0,0,0,0,0,0,0,0,0,0.045923228,0,0,0,0,0,0,0,0,0,0,0
"KOS-03","Walung Point","Buoy-27","Outer",5.28946583,162.9023588,0,0,0,0,0,0,0,0,0,0,0,0,0,0,0.058181133,0,0,0,0,0,0.058711235,0,0,0,0,0,0,0,0.388461141,0,0,0,1.692809589,0,0,0,0.410870276,0,0,0,0,0,0,0,0,0,0,0,0,0,0,0,0,0,0,0,0,0,0,0,0,0,0
"KOS-03","Walung Point","Buoy-27","Outer",5.28946583,162.9023588,0,0,0,0,0,0,0,0,0,0,0,0,0,0,0,0,0,0,0,0,1.755020609,0.990911752,0,0,0,0,0,2.150478657,0,0,0,0,0,0,0.180193263,0,0.88689286,0,0,0,0,0,0,0,0,0,0,0,0,0,0,0,0.562072327,0,0,0.799146003,0,0,0,0,0,0,0
"KOS-03","Walung Point","Buoy-27","Outer",5.28946583,162.9023588,0,0,0,0,0,0,0,0,0,0,0,0,0,0,0,0,0,0,0,0,0.649288179,0.238915384,0,0,0,0,0,0,0,0,0,0,0,0,0,0,0,0,0,0,0,0,0,0,0,0,0,0,0,0.16194277,0,0,0,0,0,0,0,0,0,0,0,0,0
"KOS-03","Walung Point","Buoy-27","Outer",5.28946583,162.9023588,0,0,0,0,0,0,0,0,0,0,0,0,0,0,0.113262112,0.032473863,0,0,0,0,0.253598526,0.479932847,0,0,0,0.082929069,0,0,0,0,0,0,0,0.039949532,0,0,0,0,0,0,0,0,0,0,0,0,0,0,0,0,0,0,0,0,0,0,0,0,0,0,0,0,0
"KOS-03","Walung Point","Buoy-27","Outer",5.28946583,162.9023588,0,0,0,0,0,0,0,0,0,0,0,0,0,0.294473307,0,0,0,0,0,0,0.665307392,0.574678876,0,0,0,0,0,0,0,0,0,0,0,0,0,0,0,0,0,0,0,0,0,0,0.25679016,0,0.53710971,0,0,0,0,0,0,0,0,0.27190713,0,0,0,0,0,0,0
"KOS-03","Walung Point","Buoy-27","Outer",5.28946583,162.9023588,0,0,0,0,0,0,0,0,0,0,0,0,0,0.199375578,0,0,0,0,0,0,1.91129086,0.90709947,0,0,0,0,0,0,0,0,0,1.930840502,0,0,0,0,0,0,0,0,0,0,0,0,0.512375381,0,0,0,0,0,0,0,0,0,0,0.94685081,0,0,0,0,0,0,0
"KOS-03","Walung Point","Buoy-27","Outer",5.28946583,162.9023588,0,0,0,0,0,0,0,0,0,0,0,0,0,0,0,0,1.729565637,0,0,0,0.976073262,0.224846982,0,0,0,0,0,0,0,0,0,0,0,0,0,0,0,0,0,0,0,0,0,0,0.395765152,0,0,0,0,0,0,0,0,0,0,0,0,0,0,0,0,0,0
"KOS-03","Walung Point","Buoy-27","Outer",5.28946583,162.9023588,0,0,0,0,0,0,0,0,0,0,0,0,0,0,0,0,0,0,0,0,0.293905578,0.135844068,6.544798299,0,0,0,0,0,0,0,0,0,0,0,0,0,0,0,0.247523066,0,0,0,0,0,0,0,0,0,0,0,0,0,0,0,0,0,0,0,0,0,0,0,0
"KOS-03","Walung Point","Buoy-27","Outer",5.28946583,162.9023588,0,0,0,0,0,0,0,0,0,0,0,0,0,0.628649474,0.069785809,0,0,0,0,0,0.462871649,0.327194378,0,0,0,0,0,0.223936732,0,0,0,0,0,0,0,0,0.672785527,0,0,0,0,0,0,0,0,0,0.429222547,0,0,0,0,0,0,0,0,0,0,0,0,0,0,0,0
"KOS-03","Walung Point","Buoy-27","Outer",5.28946583,162.9023588,0,0,0,0,0,0,0,0,0,0,0,0,0,0.37275666,0,0,0,0,0,3.509455147,0.415554597,0.682252488,0,0,0,0,0,0,0,0,0,0,0,4.298566531,0,0,0.157610936,0,0,0,0,0,0,0,0,0,0,0,0,0,0,0,0,0,0,0.149241231,0,0,0,0,0,0,0
"KOS-03","Walung Point","Buoy-27","Outer",5.28946583,162.9023588,0,0,0,0,0,0,0,0,0,0,0,0,0,0.332034987,0,0,0,0,0,0,1.014394104,0.224846982,0,0,0,0,0,0,0,0,0,0,0,0,0,0,0.327736029,0,0,0,0,0,0,0,0.321482264,0,0,0,0,0,0,0,0,0,0,0,0,0,0,0,0.483573878,0,0
"KOS-03","Walung Point","Buoy-27","Outer",5.28946583,162.9023588,0,0,0,0,0,0,0.360401472,0,0,0,0,0,0.24927129,0,0,0,0,0,0,0,0,0.153212954,0,0,0,0,0,0,0,0,0,0,0,0,0,0,0,0,0,0,0,0,0,0,0,0,0,0,0,0,0,0,0,0,0,0,0,0,0,0,0,0,0
"KOS-03","Walung Point","Buoy-27","Outer",5.28946583,162.9023588,0,0,0,0,0,0,0,0,0,0,0,0,0,0,0.031023426,0.032473863,0,0,0,0,0.037605796,0.23670996,0,0,0,0,0,0,0,0,0,0,0,0,0,0,0,0,0,0,0,0,0,0,0.321482264,0,0.429222547,0,0,0,0,0,0,0,0,0,0,0,0,0,0,0,0
"KOS-03","Walung Point","Buoy-27","Outer",5.28946583,162.9023588,0,0,0,0,0,0,0,0,0,0,0,0,0,0,0,0,0,0,0,0.784233132,0.677008836,0.5323545,0,0,0,0,0,0,0,0,0,4.042494438,0,0,0,0,0.180484043,0,0,0,0,0,0,0,0.321482264,0,0,0,0,0,0,0,0,0,0,0,0,0.305186127,0,0,0,0,0
"KOS-03","Walung Point","Buoy-27","Outer",5.28946583,162.9023588,0,0,0.716466446,0,0,0,0.285403382,0,0,0,0,0,0,0,0,0,0,0,0,0,0.150423184,0.449693964,0,0,0,0,0,0,0,0,0,0,0,0,0,0,0,0,0,0,0.443981113,0,0,0,0,0,0,0,0,0,0,0,0,0,0,0,0,0,0,0,0,0,0
"KOS-03","Walung Point","Buoy-27","Outer",5.28946583,162.9023588,0,0,0,0,0,0,0.19033463,0,0,0,0,0,0,0,0,0,0,0,0,0,0.462871649,0.31843019,0,0,0,0,0,0,0,0,0,0,0,0,0,0,0,0,0,0,0,0,0,0.893811203,0.397814061,0,0,0,0,0,0,0,0,0,0,0,0,0,0,0,0,0,0
"KOS-03","Walung Point","Buoy-27","Outer",5.28946583,162.9023588,0,0,0,0,0,0,0,0,0,0,0,0,0,0,0,0,0,0,0,0,0.411820881,0.419232566,0,0,0,0,0,0,0,0,0,0,0,0,0.066245102,0,0,0,0,0,0,0,0,0,0.109262481,0,0,0,0,0,0,0,0,0,0,0.196984759,0,0,0,0,0,0,0
"KOS-03","Walung Point","Buoy-27","Outer",5.28946583,162.9023588,0,0,0,0,0,0,0,0,0,0,0,0,0,0,0,0,0,0,0,0,2.930125022,0.353167962,0,0,0,0,0,0,0,0,0,0,0,0,0,0,0,0,0,0,0,0,0,0,1.016872372,0,0,0,0,0,0,0,0,0,0,0.825045463,0.284113102,2.276279686,0,0,0,0,0
"KOS-03","Walung Point","Buoy-27","Outer",5.28946583,162.9023588,0,0,0,0,0,0,0,0,0,0,0,0,0,0,0,0,0,0,0,0,0.506508914,0.224846982,0,0,0,0,0,0,0,0,0,0,0,0,0,0,0.205435138,0,0,0,0.854050275,0,0,0,0,0,0,0,0,0,0,0.164081843,0,0,0,0.399582815,0,0,0,0,0,0,0
"KOS-03","Walung Point","Buoy-27","Outer",5.28946583,162.9023588,0,0,0,0,0,0,0,0,0,0,0,0,0,0,0,0,0,0,0,0,0.361516524,0.140226162,0,0,0,0,0,0,0,0,0,0,0,0,0,0,0,0,0,0,0,0,0,0,0,0,0,0,0,0,0,0,0,0,0,0,0,0,0,0,0,0,0
"KOS-03","Walung Point","Buoy-27","Outer",5.28946583,162.9023588,0,0,0,0,0,0,0,0,0,0,0,0,0,0,0,0,0,0,0,0,0.276585514,0.526781207,0,0,0,0,0,0,0,0,0,0,0,0,0,0,0,0,0,0,0,0,0,0,0.277887454,0,0,0,0,0,0,0,0,0,0,0,0,0,0,0,0,0,0
"KOS-03","Walung Point","Buoy-27","Outer",5.28946583,162.9023588,0,0,0,0,0,0,0,0,0,0,0,0,0,0,0,0,0,0,0,0,2.204508228,0.607303494,0,0,0,0,0,0,0,0,0,0,0,0,0,0.298290512,0,0,0,0,1.098300928,0,0,0,0.711660032,0,0,0,0,0,0,0,0,0,0,0.926451172,0,0.579551884,0,0,0,0,0.156636427
"KOS-03","Walung Point","Buoy-27","Outer",5.28946583,162.9023588,0,0,0,0,0,0,0,0,0,0,0,0,0,0,0,0,0,0,0,0,0.300962235,0.449693964,0,0,0,0,0,0,0,0,0,0,0,0,0,0,0,0,0,0,0.189446897,0,0,0,0.510045202,0,0,0,0,0,0,0,0,0,0,0,0,0,0,0,0.30112721,0,0
"KOS-03","Walung Point","Buoy-27","Outer",5.28946583,162.9023588,0,0,0,0,0,0,0,0,0,0,0,0,0,0,0,0,0,0,0,0,0.524139589,0.046742054,0,0,0,0,0,0,0,0,0,0,0,0,0,0,0,0,0,0,0,0,0,0,0.287052565,0,0,0,0,0,0,0,0,0,0,0,0,0,0,0,0,0,0
"KOS-03","Walung Point","Buoy-27","Outer",5.28946583,162.9023588,0,0,0,0,0,0,0,0,0,0,0,0,0,0,0,0.064266061,0,0,0,0,0.058711235,0.533500836,0,0,0,0,0,0,0.10796448,0,0,0,0,0,0,0,0,0,0,0.187931108,0,0,0,0,0.12839508,0,0,0,0,0,0,0,0,0,0,0,0,0,0,0,0,0.48468097,0
"KOS-03","Walung Point","Buoy-27","Outer",5.28946583,162.9023588,0,0,0,0,0,0,0,0,0.262237476,0,0,0,0,0,0,0,0,0,0,0,1.63996092,0.757201482,0,0,0,0,0,0,0,0,0,0,0,0,0,0,0.157610936,0,0,0,3.226445806,1.151677229,0,0,0,0,0,0,0,0,0,0,0,0,0,0,0,0.703763549,0,0,0,0,0
"KOS-03","Walung Point","Buoy-27","Outer",5.28946583,162.9023588,0,0,0,0,0,0,0,0,0,0,0,0,1.421545543,0,0,0,0,0,0,0,0.669387788,0.524642958,0,0,0,0,0,0,0,0,0,0,0,0,0,0,0,0,0,0,0,0,0,0,0.765067803,0,0,0,0,0,0,0,0,0,0,0,0,0,0,0,0,0,0
"KOS-03","Walung Point","Buoy-27","Outer",5.28946583,162.9023588,0,0,0,0,0,0,0.142701691,0,0,0,0,0,0,0,0.09725567,0,0,0,0,0,0.143765774,0.046742054,0,0,0,0,0,0,0,0,0,0,0,0,0.155855299,0,0,0,0,0,0,0,0,0,0,0,0,0,0,0,0,0,0,0,0,0,0,0,0,0,0,0,0
"KOS-03","Walung Point","Buoy-27","Outer",5.28946583,162.9023588,0,0,0,0,0,0,0,0,0,0,0,0,0,0,0,0.285273221,0,0,0,0,0.458136491,0.533506246,0,0,0,0,0,0,0,0,0,0,0,0,0,0,0.273458808,0,0,0,0,0,0,0,0.184034638,0,0,0,0.265201593,0,0,0,0,0,0,0,0,0,0,0,0,0,0
"KOS-03","Walung Point","Buoy-27","Outer",5.28946583,162.9023588,0,0,0,0,0,0,0,0,0,0,0,0,0,0.127818033,0,0,0,0,0,0,1.674325187,1.81419894,0,0,0,0,0,0,0,0,0,0,0,0,0,0,1.194366224,0,0,0,0.329932342,0,0,0,0,0,0,0,0.344286687,0,0,0,0,0,0,0.95562086,0,0,0.664128758,0,0,0,0
"KOS-03","Walung Point","Buoy-27","Outer",5.28946583,162.9023588,0,0,0,0,0,0,0,0,0,0,0,0,0,0,0.548254114,0,0,0,0,0,0.365918635,0.299795976,0,0,0,0,0,0,0,0,0,0,0,0,0,0,0,0,0,0,0,0,0,0.218575882,0,0,0,0,0,0,0,0.217478987,0,0,0,0,0,0.605990992,0,0,0,0,0
"KOS-03","Walung Point","Buoy-27","Outer",5.28946583,162.9023588,0,0,0,0,0,0,0.422787547,0,0,0,0,0,0,0,0.310918513,0.07829275,0,0,0,0,0.595299771,0.185171078,0,0,0,0,0,0,0,0,0,0,0,0,0,0,0,0,0,0,0,0,0,0,0,0,0,0,0,0,0,0,0.403807159,0,0,0,0,0,0,0,0,0,0
"KOS-03","Walung Point","Buoy-27","Outer",5.28946583,162.9023588,0,0,0,0,0,0,0.217699781,0,0,0,0,0,0,0,0,0,0,0,0,0,0.533582638,0.473574143,0,0,0,0,0,0,0.750518187,0,0,0,0,0,0,0,0,0,0,0,1.163039203,0,0,0,0.149492374,0,0,0,0,0,0,0.164081843,0,0,0,0,0,0,0,0,0,0,0
"KOS-03","Walung Point","Buoy-27","Outer",5.28946583,162.9023588,0,0,0,0,0,0,0,0,0,0,0,0,0,0,0,0,0,0,0,0,1.035466892,1.58048867,0,0,0,0,0,3.105196646,0,0,0,2.179186829,3.310150253,0,0,0,0,0,0,0,0,0,0,0,1.020247992,0,0,0,0,0,0,0,0,0,0,0.27190713,0,0,0,0,0,0,0
"KOS-03","Walung Point","Buoy-27","Outer",5.28946583,162.9023588,0,0,0,0,0,0,0.435399562,0,0,0,0,0,0,0,0,0,0,0,0,0.36921211,0,0.449693964,0,0,0.436474466,0,0,0,0,0,0,0,0,0,0,0,0,0,0,0,2.509887915,0,0,0,0.57410513,0,0,0,0,0,0,0,0,0,0,0,0,0.305186127,0,0,0,0,0
"KOS-03","Walung Point","Buoy-27","Outer",5.28946583,162.9023588,0,0,0,0,0,0,0,0,0,0,0,0,0,0,0,0.052038429,0,0,0,0,0.16038264,0.302212373,0,0,0,0,0,0,0,0,0,0,0,0,0.133804764,0,0,0,0,0,0,0,0,0.305898893,0,0,0,0,0,0,0,0.24801808,0,0,0,0,0,0,0,0,0,0,0
"KOS-03","Walung Point","Buoy-27","Outer",5.28946583,162.9023588,0,0.393285939,0,0,0,0,0,0,0,0,0,0,0,0,0.130875857,0,0,0,0,0,0.744470286,0.280452324,0,0,0,0,0,0,0.724114092,0,0,0,0,0,0,0,0.618295398,0,0,0,1.85455786,0,0,0,0,0,0,0,0,0,0,0,0,0,0,0,0,0,0,0,0,0,0
"KOS-03","Walung Point","Buoy-27","Outer",5.28946583,162.9023588,0,0,0,0,0,0,0,0,0.671246906,0,0,0,0,0,0,0.270635465,0,0,0,0,1.203029139,0.757201482,0,0,0,0,0,0.524163467,0,0,0,0,0,0,0,0,0,0,0,0,0,0,0,0,0,0,0,0,0,0,0,0,0.636543644,0,0,0,0,0.390322425,0,0,0,0,0
"KOS-03","Walung Point","Buoy-27","Outer",5.28946583,162.9023588,0,0,0,0,0,0,0,0,0,0,0,0,0,0,0,0,0,0,0,0,0.612744035,0.358373076,0,0,0,0,0,0,0,0,0,0,0,0,0,0,0,0,0,0,0,0,0,0,0,0,0,0,0,0,0,0.217478987,0,0,0,0.399582815,0,0,0,0,0,0,0
"KOS-04","Walung Point","Buoy-29","Outer",5.296150047,162.8979891,0,0,0,0,0,0,0,0,0,0,0,0,0,0,0,0,0,0,0,0,0,0.415034723,0,0,0,0,0,0,0,0,0,0,0,0,0,0,0,0,0,0,0,0,0,0,0,0,0,0,0,0,0,0.317341246,0.278083007,0,0,0,0,0,0,0,0,0,0
"KOS-04","Walung Point","Buoy-29","Outer",5.296150047,162.8979891,0,0,0,0,0,0,0,0,0,0,0,0,0,0,0.113262112,0.052038429,0,0,0,0.043090272,0.022356538,0.233435582,0,0,0,0,0,0,0,0,0,0,0,0,0,0,0,0,0,0,0,0,0,0,0,0,0,0,0,0,0,0,0,0,0,0.009870479,0,0,0,0,0,0,0
"KOS-04","Walung Point","Buoy-29","Outer",5.296150047,162.8979891,0,0,0,0,0,0,0,0,0.010539559,0,0,0,0,0,0.09725567,0,0,0,0,0,0.106074944,0.194406686,0,0,0,0,0,0,0,0,0,0,0,0,0,0,0,0,0,0,0,0,0,0.190891977,0,0,0,0,0,0,0,0,0,0,0,0,0,0,0,0,0,0,0
"KOS-04","Walung Point","Buoy-29","Outer",5.296150047,162.8979891,0,0,0,0,0,0,0,0,0,0,0,0,0,0,0.139571618,0.052038429,0,0,0,0,0.167346947,0.272670646,0,0,0,0,0,0,0,0,0,0,0,0,0.289660063,0,0,0,0,0,0,0,0,0,0,0,0,0,0,0.06539203,0,0,0,0,0,0,0,0,0,0,0,0,0
"KOS-04","Walung Point","Buoy-29","Outer",5.296150047,162.8979891,0,0,0,0,0,0,0,0,0,0,0,0,0,0,0,0.132442017,0,0,0,0,0.464336067,0.214276587,0,0,0,0,0,0,0,0,0,0,0,0,0,0,0,0,0,0,0,0,0,0,0,0,1.134618682,0,0,0.10648,0,0,0,0,0,0,0,0,0,0,0,0,0
"KOS-04","Walung Point","Buoy-29","Outer",5.296150047,162.8979891,0,0,0,0,0,0,0,0,0,0,0,0,0,0,0.09725567,0,0,0,0,0,0.022356538,0.224846982,0,0,0,0,0,0,0,0,0,0,0,0,0,0,0,0,0,0,0,0,0,0,0,0,0,0,0,0,0,0.036247297,0,0,0,0,0,0,0,0,0,0,0
"KOS-04","Walung Point","Buoy-29","Outer",5.296150047,162.8979891,0,0,0,0,0,0,0,0,0,0,0,0,0,0,0.09725567,0,0,0,0,0,0.389477288,0.079093977,0,0,0,0,0,0,0,0,0,0,0,0,0,0,0,0,0,0,0.317832024,0.556503634,0,0.53256436,0,0,0,0,0,0,0,0,0,0,0,0.125939004,0,0,0,0,0,0,0
"KOS-04","Walung Point","Buoy-29","Outer",5.296150047,162.8979891,0,0,0,0,0,0,0,0,0,0,0,0,0,0,0,0,0,0,0,0,0.103564864,0.094314125,0,0,0,0,0,0,0,0,0,0,0,0,0,0,0,0,0,0,0,0,0,0.521443873,0,0,1.464263464,0,0,0,0,0,0,0,0,0,0,0,0,0,0,0,0
"KOS-04","Walung Point","Buoy-29","Outer",5.296150047,162.8979891,0,0,0,0,0,0,0,0,0,0,0,0,0,0,0,0,0,0,0,0,0.542927479,0.196640042,0,0,0,0,0,0,0,0,0,0,0,0,0,0,0,0.988454824,0,0,0,0,0,0,0.149492374,0,0,0,0,0,0,0,0,0,0,0,0,0,0,0,0,0,0
"KOS-04","Walung Point","Buoy-29","Outer",5.296150047,162.8979891,0,0,0,0,0,0,0,0,0,0,0,0,0,0,0,0,0,0,0,0,0.15755905,0.328953249,0,0,0,0,0,0,0,0,0,0,0,0,0.229924697,0,0,0,0,0,0,0,0,0,0,0,0,0,0,0.06539203,0,0,0,0,0,0,0,0,0,0,0,0,0
"KOS-04","Walung Point","Buoy-29","Outer",5.296150047,162.8979891,0,0,0,0,0,0,0,0,0,0,0,0,0,0,0.196049098,0,0,0,0,0,0,0.119457692,0,0,0,0,0,0,0,0,0,0,0,0,0.302643919,0,0,0,0,0,0,0,0,0,0.050808114,0,0,0,0,0.09129329,0,0,0,0,0,0,0,0,0,0,0,0,0
"KOS-04","Walung Point","Buoy-29","Outer",5.296150047,162.8979891,0,0,0,0,0,0,0,0,0,0,0,0,0,0,0,0,0,0,0,0,0.280107793,0.082548517,0,0,0,0,0,0,0,0,0,0,0,0,0,0,0,0,0,0,0,0,0,0,0.322122472,0,0,0,0,0,0,0,0,0,0,0.220286986,0,0,0,0,0,0,0
"KOS-05","West","Buoy-35","Outer",5.320633362,162.9251359,0,0,0,0,0,0,1.120343424,0,0,0,0,0,0,0,0.218772278,0,0,0,0,0,0.293905578,0.074948994,0,0,0,0,0,0,0,0,0,0,0,0.108102956,0,0,0,0,0,0,0,0,0,0,0,0,0,0,0,0.63905303,0,0,0,0,0,0,0,0,0,0,0,0,0
"KOS-05","West","Buoy-35","Outer",5.320633362,162.9251359,0,0,0,0,0,0,0,0,0,0,0,0,0,0.2282799,0.171200143,0,0,0,0,0,0.350680202,0.239682676,0,0,0,0,0,0,0,0,0,0,0,0,0,0,0,0,0,0,0,0,0,0,3.159625761,0,0,0,0,0,0,0,0,0,0,0,0,0,0,0,0,0,0
"KOS-05","West","Buoy-35","Outer",5.320633362,162.9251359,0,0,0,0,0,0,0,0,0,0,0,0,0,0,0,0.190545532,0,0,0,0,0.222130341,0.140226162,0,0,0,0,0,0,0,0,0,0,0,0,0,0,0,0,0,0,0,0,0,0,0,0,0,0,0,0,0,0,0,0,0,0,0,0,0,0,0,0,0
"KOS-05","West","Buoy-35","Outer",5.320633362,162.9251359,0,0,0,0,0,0,0.122210875,0,0,0,0,0,0,0,0,0.522262309,0,0,0,0,0.22270381,0.181419894,0,0,0,0,0,0,0,0,0,0,0,0,0,0,0,0,0,0,0,0,0,0,0.225322816,0,0,0,0.123132003,0,0,0,0,0,0,0,0.156912093,0,0,0,0,0,0
"KOS-05","West","Buoy-35","Outer",5.320633362,162.9251359,0,0,0,0,0,0,0.087323898,0,0,0,0,0,0,0,0,0.220851561,0,0,0,0,0.293905578,0.285657438,0,0,0,0,0,0,0.282346151,0,0,0,0,0.149214056,0,0,0,0,0,0,0,0,0,0,0.172630098,0,0,0,0,0,0,0,0,0,0,0,0,0,0,0,0,0,0
"KOS-05","West","Buoy-35","Outer",5.320633362,162.9251359,0,0,0,0,0,0,0,0,0,0,0,0,0,0,0,0,0,0,0,0,0.43852187,0.227263379,0,0,0,0,0,0.624021237,0.368083176,0,0,0,0,0,0,0,0,0,0,0,0.71905809,0,0,0,0.595696637,0,0,0,0.123132003,0.2097656,0,0,0,0,0,0,0,0,0,0,0,0,0
"KOS-05","West","Buoy-35","Outer",5.320633362,162.9251359,0,0,0,0,0,0,0.165372457,0,0,0,0,0,0,0,0.113262112,0,0,0,0,0,0.329623046,0.23636771,0,0,0,0,0,0,0,0,0,0,0,0,0,0,0,0,0,0,0,0,0,0,0,0,0,0,0,0.12326391,0,0,0,0,0,0,0.184672403,0,0,0,0,0,0
"KOS-05","West","Buoy-35","Outer",5.320633362,162.9251359,0,0,0,0,0,0,0,0,0,0,0,0,0,0,0.194046606,0,0,0,0,0,0.42439205,0.269055844,0,0,0,0,0,0,0,0,0,0,0,0.061890236,0,0,0,0,0,0,0,0,0,0,0,0,0,0,0,0,0,0,0,0,0,0,0,0,0,0,0,0,0
"KOS-05","West","Buoy-35","Outer",5.320633362,162.9251359,0,0,0,0,0,0,0.072705465,0,0,0,0,0,0,0,0,0,0,0,0,0,0,0.322449184,0,0,0,0,0,0,0,0,0,0,0,0.127545824,0,0,0,0.73672851,0,0,1.004455771,0,0,0,0.345260196,0,0,0,0,0.10648,0,0,0,0,0,0,0,0,0,0,0,0,0
"KOS-05","West","Buoy-35","Outer",5.320633362,162.9251359,0,0,0,0,0,0,0,0,0,0,0,0,0,0,0,0,0,0,0,0,0.43271102,0.179186538,0,0,0,0,0,0,0,0,0,1.702007955,0,0,0,0,0,0,0,0,0,0,0,0,0,0,0,0,0,0,0,0,0,0,0,0,0,0,0,0,0,0,0
"KOS-05","West","Buoy-35","Outer",5.320633362,162.9251359,0,0,0,0,0,0,0,0,0,0,0,0,0,0,0,0.176518843,0,0,0,0,0,0.364890989,0,0,0,0,0,0,0,0,0,0,0,0,0,0,0,0,0,0,0,0,0,0,0.448477122,0,0,0,0,0.10648,0,0,0,0,0,0,0,0,0,0,0,0,0
"KOS-05","West","Buoy-35","Outer",5.320633362,162.9251359,0,0,0,0,0,0,0,0,0,0,0,0,0,0,0,0,0,0,0,0,0.276931938,0.40403352,0,0,0,0,0,0,0,0,0,0,0,0.260630458,0,0,0,0,0,0,0.657103693,0,0,0,2.234093125,0,0,0,0,0,0,0,0,0,0,0,0,0,0,0,0,0,0
"KOS-06","East","Buoy-4","Outer",5.311155562,163.0375079,0,0,0,0,0,0,0,0,0,0,0,0,0,0,0,0,0,0,0,0,0,0,0,0,0,0,0,0,0,0,0,0,0,0,1.65847853,0,0.621351479,0,0.187931108,0,0,0,0,0,0.358380237,0,0,0,0,0,0,0,0,0,0,0,0,0,0.10539983,0,0,0,0
"KOS-06","East","Buoy-4","Outer",5.311155562,163.0375079,0,0,0,0,0,0,0.294123308,0,0,0,0,0,0,0,0,0,0,0,0,0,0.78166093,0.33846705,0,0,0,0,0,0,1.337889804,0,0,0,0,0,0,0,0,0,0,0,0,0,0,0,0.679862501,0,0,0,0,0,0,0,0,0,0,0,0,0,0,0,0,0,0
"KOS-06","East","Buoy-4","Outer",5.311155562,163.0375079,0,0,0,0,0,0,0.087323898,0,0,0,0,0,0,0,0,0,0,0,0,0,0.478249162,0.508473197,0,0,0,0,0,0,0,0,0,0,0,0,0,0,0,0,0,0,0,0,0,0,0,0,0,0,0,0,0,0,0,0,0,0,0,0,0,0,0,0,0
"KOS-06","East","Buoy-4","Outer",5.311155562,163.0375079,0,0,0,0,0,0,0,0,0,0,0,0,0,0,0,0,0,0,0,0,0.45530974,0.59536027,0,0,0,0,0,0.524163467,0,0,0,0,0,0,1.076510682,0,0.261915251,0,0,0,0,0,0,0,0,0,0,0,1.003677379,0,0,0,0,0,0,0,0,0,0,0,0,0,0
"KOS-06","East","Buoy-4","Outer",5.311155562,163.0375079,0,0,0,0,0,0,0,0,0,0,0,0,0,0,0,0,0,0,0,0,0,0.526109742,0,0,0,0,0,0,0,0,0,0,0,0,0,0,0,0,0,0,0,0,0,0,0,0,0,0,0,0,0,0,0,0,0,0,0,0,0.124854851,0,0,0,0
"KOS-06","East","Buoy-4","Outer",5.311155562,163.0375079,0,0,0,0,0,0,0.280085856,0,0,0,0,0,0,0.628649474,0,0,0,0,0,0,0.086683537,0.693957568,0,0,0,0,0,0,0,0,0,0,0,0,0,0,0,0,0,0,0,0,0,0,0.645432802,0,0,0,0,0,0,0,0,0,0,0,0,0,0,0,0,0,0
"KOS-06","East","Buoy-4","Outer",5.311155562,163.0375079,0,0,0,0,1.369843181,0,0,0,0,0,0,0,0,0,0,0.052038429,0,0,0,0,0.103564864,0.416200951,0,0,0,0,0,0,0,0,0,0,0,0,0.180193263,0,0,0,0,0,0,0,0,0,0,0,0,0,0,0,0,0,0,0,0,0,0,0,0,0,0,0,0
"KOS-06","East","Buoy-4","Outer",5.311155562,163.0375079,0,0,0,0,0,0,0,0,0,0,0,0,0,0,0,0,0,0,0,1.919222699,0,0.526238394,0,0,0,0,0,0,0.181028523,0,0,0,0,0,0.113930184,0,0,0,0,0,0,0,0,0,0.321482264,0,0,0,0,0.06539203,0,0,0.687424315,0,0,0,0,0,0,0,0,0,0
"KOS-06","East","Buoy-4","Outer",5.311155562,163.0375079,0.86809083,0,0,0,0,0,0,0,0,0,0,0,0,0,0,0,0,0,0,0,0.312309761,0,0,0,0,0,0,0,1.583204805,0,0,0,0,0,0,0,0,0,0,0,0,0.055220487,0,0,0.255022601,0,0,0,0,0,0,0,0,0,0,0,0,0,0.292863657,0,0,0,0
"KOS-06","East","Buoy-4","Outer",5.311155562,163.0375079,0,0,0,0,0,0,0,0,0,0,0,0,0,0,0,0,0,0,0,0,0.190248401,3.70342156,0,0,0,0,0,0,0,0,0,0,0,0,0.449978746,0,0,0,0.456887523,0,0,0,0,0,0.197882576,0,0,0,0,0,0,0,0,0,0,0,0,0,0,0,0,0,0
"KOS-06","East","Buoy-4","Outer",5.311155562,163.0375079,0,0,0,0,0,0,0,0,0,0,0,0,0,0,0,0,0,0,0,0,0.65245935,0.514656542,0,0,0,0,0,0,0.736166352,0,0,0,0,0,1.660785245,0,0,0,0.40956377,0,0,0,0,0,0.287052565,0,0,0,0.513704232,0,0,0,0,0,0,0,0,0,0,0,0,0,0
"KOS-06","East","Buoy-4","Outer",5.311155562,163.0375079,0,0,0,0,0,0,0,0,0,0,0,0,0,0,0,0.07829275,0,0,0,0,0.599855138,0.431052589,0,0,0,0,0,0,0.426152884,0,0,0,0,0,0,0,0,0,0.599128076,0,0,0,0,0,0,0,0,0,0,0,0,0,0,0,0,0,0,0,0,0,0,0,0
"KOS-07","Northwest Corner","Buoy-40","Outer",5.35639957,162.9469886,0,0,0,0,0,0,0,0,0,0,0,0,0,1.159227156,0,0,0,0,0,0,0.603935856,0.29864423,0,0,0,0.097812548,0,0,0,0.183925615,0,0,0,0.108102956,0,0,0,0,0,0,0.598715719,0,0,0,0,0,0,0.597028315,0,0,0,0,0,0,0,0,0,0,0,0,0,0,0
"KOS-07","Northwest Corner","Buoy-40","Outer",5.35639957,162.9469886,0,0,0,0,0,0,0,0,0,0,0,0,0,0,0,0,0,0,0,0,0.756655076,0.224846982,0,0,0,0,0,0,0,0,0,0,0,0,0,0,0,0,0,0,0,0,0,0,0,0,0,0,0,0,0,0,0,0,0,0,0,0,0,0,0,0,0
"KOS-07","Northwest Corner","Buoy-40","Outer",5.35639957,162.9469886,0,0,0,0,0,0,0.142701691,0,0,0,0,0,0,0,0,0,0,0,0,0,0,0.285657438,0,0,0,0,0,0,0.323268876,0,0,0,0,0.112004879,0,0,0,0,0,0,0.713740758,0,0,0,0,0,0,0,0,0,0,0,0,0,0,0,0,0,0,0,0,0,0
"KOS-07","Northwest Corner","Buoy-40","Outer",5.35639957,162.9469886,0,0,0,0,0,0,0,0,0,0,0,0,0,0,0,0,0,0,0,0,1.14764409,0.4512894,0,0,0,0,0,0,0,0,0,0,0,0,0,0,0,0,0,0,0,0,0,0,0,0,0,0,0,0,0,0,0,0,0,0.399582815,0,0,0,0,0,0,0
"KOS-07","Northwest Corner","Buoy-40","Outer",5.35639957,162.9469886,0,0,0,0,0,0,0.103788678,0,0,0,0,0,0,0,0,0.1565855,0,0,0,0,0.17307743,0.059728846,0,0,0,0,0,0,0,0.208156118,0,0,0,0.075398378,0,0,0,0,0,0,0,0,0,0,0,0,0,0,0,0.07762392,0,0.120171472,0,0,0,0,0.22034842,0,0,0,0,0,0
"KOS-07","Northwest Corner","Buoy-40","Outer",5.35639957,162.9469886,0,0,0,0,0.358167028,0,0,0,0,0,0.596465682,0,0,0,0,0,0,0,0,0,0,0.449693964,0,0,0,0,0,0,0,0,0,0,0,0,0,0,0.29361545,0,0,0,0,0,0,0,0,0,0,0,0,0,0,0,0,0,0,0,0,0,0,0,0,0,0
"KOS-07","Northwest Corner","Buoy-40","Outer",5.35639957,162.9469886,0,0,0,0,0,0,0,0,0,0,0,0,0,0,0,0,0,0,0,0,0.338089818,0.360606432,0,0,0,0,0,0,0,0,0,0,0,0.090761618,0,0,0,0,0,0,0,0,0,0,0.197882576,0,0,0,0,0,0,0.057170282,0,0,0,0.105248616,0,0,0.371265101,0,0,0,0
"KOS-07","Northwest Corner","Buoy-40","Outer",5.35639957,162.9469886,0,0,0,0,0,0,0.217699781,0,0,0,0,0,0,0,0,0,0,0,0,0,0.464096498,0.462927695,0,0,0,0,0,0,0,0,0,0,0,0,0,0,0.232550292,0,0,0,0,0,0,0,0.450645632,0,0,0,0,0,0,0,0,0,0,0.54381426,0,0,0,0,0,0,0
"KOS-07","Northwest Corner","Buoy-40","Outer",5.35639957,162.9469886,0,0,0,0,0,0,0.537184464,0,0,0,0,0,0,0,0,0,0,0,0,0,0.207129728,0.224846982,0,0,0,0.114394306,0,0,0,0,0,0,0,0,0,0,0,0,0,0,0,0,0,0,0,0,0,0,0,0,0,0,0,0,0.160732027,0,0,0,0,0,0,0,0
"KOS-07","Northwest Corner","Buoy-40","Outer",5.35639957,162.9469886,0,0,0,0,0,0,0,0,0,0,0,0,0,0,0,0,0,0,0,0,0,0.224846982,0,0,0,0,0,0,0,0,0,0,0,0,0,0,0,0,0,0,0.563343382,0,0,0,0,0,0,0,0.302990623,0,0,0,0,0,0,0.504270853,0,0,0,0,0,0,0
"KOS-07","Northwest Corner","Buoy-40","Outer",5.35639957,162.9469886,0,0,0,0,0,0,0,0,0,0,0,0,0,0.570030108,0.189759247,0,0,0,0,0,0.103564864,0.531090735,0,0,0,0,0,0,0,0,0,0,0,0.169993192,0,0,0,0,0,0,0,0,0,0,0.149492374,0,0,0,0,0,0,0,0,0,0,0,0,0,0,0,0,0.628983852,0
"KOS-07","Northwest Corner","Buoy-40","Outer",5.35639957,162.9469886,0,0,0.638830712,0,0,0,0,0,0,0,0,0,0,0,0,0,0,0,0,0,0,0,0,0,0,0,0,0,0,0,0,0,0,0,0.236176646,0,0.5872309,0.331553222,0,0,0.713740758,0,0,0,0.642964528,0,0,0,0.230754933,0,0,0,0,0,0,0.27190713,0,0,0,0,0,0,0
"KOS-07","Northwest Corner","Buoy-40","Outer",5.35639957,162.9469886,0,0,0,0,0,0,0.465279373,0,0,0,0,0,0,0.570030108,0,0,0,0,0,0,0.130486472,0.074948994,0,0,0,0,0,0,0,0,0,0,0,0.039949532,0,0,0,0,0,0,0,0,0,0,0.12839508,0,0,0,0.230754933,0,0,0,0,0,0,0,0,0,0,0,0,0,0
"KOS-07","Northwest Corner","Buoy-40","Outer",5.35639957,162.9469886,0,0,0,0,0,0,0,0,0.296675471,0,0,0,0,0,0,0,0,0,0,0,0,0.780360216,0,0,0,0,0,0.355023788,0,0,0.803108978,0,0,0,0,0,0.949087508,0,0,0,0,0,0,0,0.642964528,0,0,0,0,0,0,0,0,0,0,0,0,0,1.37390131,0,0,0,0
"KOS-07","Northwest Corner","Buoy-40","Outer",5.35639957,162.9469886,0,0,0,0,0,0,0.247579592,0,0,0,0,0,0,0.692515483,0,0.094245749,0,0,0,0,0.520410944,0,0,0,0,0,0,0,0.368083176,0,0,0,0,0.050114643,0,0,0,0,0,0,0,0,0,0,0.197882576,0,0.732131732,0,0,0,0,0,0,0,0,0,0,0,0,0,0,0,0
"KOS-07","Northwest Corner","Buoy-40","Outer",5.35639957,162.9469886,0,0,0,0,0,0,0,0,0,0,0,0,0,0,0,0,0,0,0,0,0,0.449693964,0,0,0,0,0,0,0,0,0,0,0,0,0.413859964,0,0.541452129,0,0,0,0,0,0,0,0,0,0,0,0,0,0,0,0,0,0,0,0,0,0,0,0,0,0
"KOS-07","Northwest Corner","Buoy-40","Outer",5.35639957,162.9469886,0,0,0,0,0,0,0.247579592,0,0,0,0,0,0.168830832,0,0.244137969,0,0,0,0,0,0.103564864,0.059728846,0,0,0,0,0,0,0.978665568,0,0,0,0,1.833051889,0,0,0,0,0,0,0,0,0,0,0,0,0,0,0,0.09129329,0,0,0,0,0,0,0,0,0,0,0,0,0
"KOS-07","Northwest Corner","Buoy-40","Outer",5.35639957,162.9469886,0,0,0,0,0,0,0,0,0,0,0,0,0,0,0,0,0,0,0,0,0.875603044,0.33846705,0,0,0,0,0,0,0,0,0,0,0,0,0.472353292,0,0,0,0,0,0,0,0,0,0.395765152,0,0,0,0,0,0,0,0,0,0,0,0,0,0,0,0,0,0
"KOS-07","Northwest Corner","Buoy-40","Outer",5.35639957,162.9469886,0,0,0,0,0,0,0.247579592,0,0,0,0,0,0,0,0.113262112,0,0,0,0,0,0.167346947,0.260653445,0,0,0,0,0,0,0,0,0,0,0,0.050114643,0.343854881,0,0,0,0,0,0.657103693,0,0,0,0,0,0,0,1.032860061,0.07762392,0,0,0,0,0,0,0,0,0,0,0,0,0
"KOS-07","Northwest Corner","Buoy-40","Outer",5.35639957,162.9469886,0,0,0,0,0,0,0,0,0,0,0,0,0,0,0,0,2.889293975,0,0,0,0,0.971016402,0,0,0,0,0,0,0,0,0,0,0,0,0,0,0,0,0,0,0,0,0,0,0,0,0,0,0,0,0,0,0,0,0,0,0,0,0,0,0,0,0
"KOS-07","Northwest Corner","Buoy-40","Outer",5.35639957,162.9469886,0,0,0,0,0,0,0,0,0,0,0,0,0,0.2282799,0.232952768,0,0,0,0,0,0.400553984,0.355825402,0,0,0,0,0,0,0,0,0,0,0,0,0,0,0,0,0,0,0,0,0,0,0,0,0,0,0,0.10648,0,0,0,0,0,0,0,0,0,0,0,0,0
"KOS-07","Northwest Corner","Buoy-40","Outer",5.35639957,162.9469886,0,0,0,0,0,0,0,0,0,0,0,0,0,0,0,0,0,0,0,0,1.332782046,0.462927695,0,0,0,0,0,0,0,0,0,0,0,0,0,0,0,0,0,0,0.378893794,0,0,0,0,0,0,0,0,0,0,0,0,0,0,0,0,0,0,0,0,0,0
"KOS-07","Northwest Corner","Buoy-40","Outer",5.35639957,162.9469886,0,0,0,0,0.288965017,0,0,0,0,0,0,0,0,0,0,0,0,0,0,0,0,0.187771344,0,0,0,0,0,0,0,0.344959971,0,0,0,0.075398378,0.155855299,0,0,0,0,0,0,0,0,0,0.287052565,0,0,0,0,0,0,0,0,0,0,0,0,0,0,0,0,0,0
"KOS-07","Northwest Corner","Buoy-40","Outer",5.35639957,162.9469886,0,0,0,0,0,0,0,0,0,0,0,0,0,0,0,0,3.24518903,0,0,0,0.666391023,0,0,0,0,0,0,0,0,0,0,0,0,0,0,0,0,0,0,1.027277452,0,0,0,0,2.081557178,0,0,0,0,0,0,0,0,0,0,0,0,0,0,0,0,0,0
"KOS-08","Northwest Corner","Buoy-41","Outer",5.361430848,162.9483609,0,0,0,0,0,0,0.760788776,0,0,0,0,0,0,0,0,0.388025506,0,0,0,0,0,0.585517312,0,0,0,0,0,0,0,0,0,0,0,0,0.455720736,0,0.232550292,0,0,0,0,0,0,0,0.255022601,0,0,0,0.171234744,0,0,0,0,0,0,0,0.495100306,0,0.226296499,0,0,0,0
"KOS-08","Northwest Corner","Buoy-41","Outer",5.361430848,162.9483609,0,0,0,0,0,0,0,0,0,0,0,0,0.390861589,0.37275666,0,0,0,0,0,0,0.220987334,0.406449917,0,0,0,0,0,0,0,0,0,0,0,0,0,0,0,0,0,0,0,0,0,0,0,0,0,0.466614509,0,0,0,0,0,0,0,0,0.645547118,0,0,0,0,0,0
"KOS-08","Northwest Corner","Buoy-41","Outer",5.361430848,162.9483609,0,0,0,0,0,0,0.246490369,0,0,0,0,0,0,0,0,0,0,0,0,0,0.27759772,0.61869224,0,0,0,0,0,0,0,0,0,0,0,0,0,0,0,0,0,0,0,0,0,0,0.484935141,0,0,0,0,0,0,0,0.181295939,0,0,0,0,0,0,0,0,0,0
"KOS-08","Northwest Corner","Buoy-41","Outer",5.361430848,162.9483609,0,0,0,0,0,0,0.19033463,0,0,0.842575902,0,0,0.280804978,0,0,0,0,0,0,0,0.510093134,0.441906876,0,0,0,0,0,0,0,0,0,0,0,0,0,0.10461311,0.49552754,0,0,0,0,0,0,0,0,0,0,0,0.171234744,0,0,0,0.210567139,0,0,0,0,0,0,0,0,0,0
"KOS-08","Northwest Corner","Buoy-41","Outer",5.361430848,162.9483609,0,0,0,0,0,0,0.165372457,0,0,0,0,0.460665419,0,0,0,0,0,0,0,0,0.287962793,0.298891997,0,0,0,0,0,0,0,0,0,0,0,0,0.534030418,0,0,0,0,0,0,0,0,0,0.719296325,0,0,0,0.08516547,0.22974391,0,0,0,0,0,0,0.119619086,0,0,0,0,0,0
"KOS-08","Northwest Corner","Buoy-41","Outer",5.361430848,162.9483609,0,0,0,0,0,0,0,0,0,0,0,0,0,0,0,0,0,0,0,0,0.289895754,0.119457692,0,0,0,0,0,0,0,0,0,0,0,0,0.534030418,0,0,0,0,0,0.443981113,0,0,0,0.981925573,0,0,0,0,0,0,0.543984201,0.602481859,0,0,0,0.635837256,0,0,0,0,0,0
"KOS-08","Northwest Corner","Buoy-41","Outer",5.361430848,162.9483609,0,0,0,0,0,0,0.315330463,0,0,0,0,0,0,0,0.09725567,0,0,0,0,0,0.134047246,0.260653445,0,0,0,0,0,0,0,0,0,0,0,0,1.049061978,0,0,0,0,0,0,0,0,0,0.321482264,0,0,0,0,0,0,0,0.240850618,0,0,0,0,0,0,0,0,0,0
"KOS-08","Northwest Corner","Buoy-41","Outer",5.361430848,162.9483609,0,0,0,0,0.228408383,0,0.165372457,0,0,0,0,0,0.280804978,1.090082039,0.268455813,0,0,0,0,0,0.122548807,0.500018643,0,0,0,0,0,0,0,0,0,0,0,0,0.155855299,0,0,0,0,0,0,0,0,0,0,0,0,0,0,0,0,0,0,0,0,0,0.083943069,0,0,0,0,0,0
"KOS-08","Northwest Corner","Buoy-41","Outer",5.361430848,162.9483609,0,0,0,0,0,0,0.353425407,0,0,0,0,0,0,0,0.09725567,0,0,0,0,0,0,0.300877586,0,0,0,0,0,0,0,0,0,0,0,0,0,0,0,0,0,0,0,0,0,0,0,0,0,0,0.08516547,0,0,0,0.242784508,0,0,0,0,0,0,0,0,0,0
"KOS-08","Northwest Corner","Buoy-41","Outer",5.361430848,162.9483609,0,0,0,0,0,0,0.19033463,0,0,0,0,0,0,0,0.139571618,0,0,0,0,0,0,0.32098312,0,0,0,0,0,0,0,0,0,0,0,0,0,0,0,0,0,0,0,0,0,0,0,0,0,0,0,0,0,0,0,0,0,0,0,0,0.415200307,0,0,0,0
"KOS-08","Northwest Corner","Buoy-41","Outer",5.361430848,162.9483609,0,0,0,0,0,0,0,0,0,0,0,0,0,0.300904161,0,0,0,0,0,0,0.670432622,0.43332207,0,0,0,0,0,0,0,0,0,0,0,0,0,0,0,0,0,0,0,0,0,0,0,0,0,0,0,0,0,0,0,0,0,0,0,0,0,0,0,0,0
"KOS-08","Northwest Corner","Buoy-41","Outer",5.361430848,162.9483609,0,0,0,0,0.653752047,0,0,0,0,0,0,0,0,0,0.09725567,0,0,0,0,0,0.103564864,0.429986002,0,0,0,0,0,0,0,0,0,0,0,0,0,0,0,0.208045903,0,0,0,0,0,0,0.287052565,0,0,0,0,0,0,0.084838802,0.278083007,0,0,0,0,0,0,0,0,0,0
"KOS-09","Northwest Corner","Buoy-39","Outer",5.353099874,162.9470447,0,0,0.494988984,0,0,0,0,0,0.806934053,0,0,0,0,0,0,0,0,0,0.25427266,0,1.357871609,0.553931508,0,0,0,0,0,0,0,0,0,0,0,0,0.537395011,0,0,0,0,0,0,0,0,0,0,0,0,0,0,0,0,0,0,0,0,0,0,0,0,0,0,0,0
"KOS-09","Northwest Corner","Buoy-39","Outer",5.353099874,162.9470447,0,0,0,0,0,0,0,0,0,0,0,0,0,0.464235583,0,0,0,0,0,0,0.68457139,0.3194127,0,0,0,0,0,0,0,0,0,0,0,0,1.054812275,0,0,0,0,0,0,0,0,0,0.321482264,0,0,0,0,0,0,0,0,0,0,0,0,0,0,0,0,0,0
"KOS-09","Northwest Corner","Buoy-39","Outer",5.353099874,162.9470447,0,0,0,0,0,0,0,0,0,0,0,0,0,0,0,0,0,0,0,0,1.006976107,0.284554726,0,0,0,0,0,0,0,0,0,0,0,0,1.527165567,0,0,0,0,0,0,1.922886102,0,0,0.542075166,0,0,0,0,0,0,0,0,0,0,0,0,0,0,0,0,0,0
"KOS-09","Northwest Corner","Buoy-39","Outer",5.353099874,162.9470447,0,0,0,0,0,0,0,0,0,0,0,0,0,0,0,0,0,0,0,0,1.217274172,0.395310183,0,0,0,0,0,0,0,0,0,2.699691088,0,0,1.320885362,0,0,0,0,0,0,5.469256675,0,0,0,0,0,0,0,0,0,0.799974219,0,0,0,0,0,0,0,0,0,0,0
"KOS-09","Northwest Corner","Buoy-39","Outer",5.353099874,162.9470447,0,0,0,0,0,0,0.445458313,0,0,0,0,0,0,0.79627057,0,0,15.20432396,0,0,2.275780235,0.222130341,0.140226162,0,0,0,0,0,0,0,0,0,0,0,0,0.8140256,0,0,0,0,0,0,0,0,0,0,0,0,0,0,0,0,0,0,0,0,0,0,0,0,0,0,0,0
"KOS-09","Northwest Corner","Buoy-39","Outer",5.353099874,162.9470447,0,0,0,0,0,0,0,0,0,0,0,0,0,0,0,0,0,0.664095363,0,0,1.020681579,0,0,0,0,0,0,0,0,0,0,0.726893997,0,0,0,0,0.261915251,0.265202522,0,0,0,0,0,0,1.73687475,0,0,0,0,0,0,0,1.391947372,0,0,1.125836285,0,0,0,0,0,0,0
"KOS-09","Northwest Corner","Buoy-39","Outer",5.353099874,162.9470447,0,0,0,0,0,0,0.247579592,0,0,0,0,0,0,0,0,0,0,0,0,0,1.245496363,0,0,0,0,0,0,0,0,0,0,0,0,0,0.457220274,0,0.72330512,0,0,0,0.317832024,0,0,0,2.19852975,0,0,0.355332285,0,0,0,0,0.687424315,0,0,0.621565432,0,0,0,0,0,0,0
"KOS-09","Northwest Corner","Buoy-39","Outer",5.353099874,162.9470447,0,0,0,0,0,0,0,0,0,0,0,0,0,0,0,0,0,0,0,0,0,0.140226162,0,0.226084442,0,0,0,0,0,0,0,0,0,0,1.338502923,0,0.410870276,0,0,0,0,0,0,0,0.480345417,0,0,0,0,0,0,0,0.907838811,0,0,0,0,0,0,0,0,0,0
"KOS-09","Northwest Corner","Buoy-39","Outer",5.353099874,162.9470447,0,0,0,0,0.396122906,0,0,0,0,0,0,0,0,0,0,0,0,0,0,4.620896651,1.234434189,0.247645551,0,0,0,0,0,0,0.657298821,0,0,0,0,0,0.970962045,0.22916715,0,1.002079796,0,0,0,0,0,0,0.895587394,0,0,0,0,0,0,0,0,0,0,0,0,0,0,0,0,0,0
"KOS-09","Northwest Corner","Buoy-39","Outer",5.353099874,162.9470447,0,0,0,0,0,0,0,0,0,0,0,0,0,0,0.302076,0,0,0,0,0,0.647884622,0.5323545,0,0,0,0,0,0,0,0,0,0,0,0,1.080219705,0,0.315221872,0,0,0,0,0,0,0,0,0,0,0,0.477018939,0,0,0,0,0,0,0,0,0,0,0,0,0,0
"KOS-09","Northwest Corner","Buoy-39","Outer",5.353099874,162.9470447,0,0,0,0,0.358167028,0.556312123,0,0,0,0,0,0,0,0,0,0,0,0,0,0,0,0,0,0,0,0,0,0,0,0,0,0,0,0,0.32473007,0,0.218346275,0,0,0,0.800851492,0,0,0,0.576504865,0,0,0,0,0,0,0,0,0,0,0.706567434,0,0,0,0,0,0,0
"KOS-09","Northwest Corner","Buoy-39","Outer",5.353099874,162.9470447,0,0,0,0,0,0,0.247579592,0,0,0,0,0,0,0,0,0,0,0,0,0,0,0.412896808,0,0.153029893,0,0,0,0.524163467,0,0,0,0,0,0,1.999518859,0,0.410870276,0,0,0,0,0,0,0,0,0,0,0,0,0,0,0,0,0,0,0.125939004,0,0,0,0,0,0,0
"KOS-10","Southeast","Buoy-8","Outer",5.28504428,163.0289405,0,0,0.10094677,0,0,0,0,0,0,0,0,0,0,0,0,0,0,0,0,0,0.469460979,0.412896808,0,0,0,0,0,0,0,0,0,0,0,0,0.080262225,0,0,0,0,0,0,0,0,0,0,0,0,0,0,0,0,0,0,0,0,0,0,0,0,0,0,0,0
"KOS-10","Southeast","Buoy-8","Outer",5.28504428,163.0289405,0,0,0,0.414202845,0,0,0,0,0,0,0,0,0,0,0,0,0,0,0,0,0.811932727,0.572466622,0,0,0,0,0,0,0,0,0,0,0,0,0,0,0,0,0,0,0,0,0.39148059,0,0.321482264,0,0,0,0,0,0,0,0,0,0,0,0,0,0.330525724,0,0,0,0
"KOS-10","Southeast","Buoy-8","Outer",5.28504428,163.0289405,0.220650042,0,0,0,0,0,0,0,0,0,0,0,0,0,0,0,0,0,0,0,0.487329834,0.898744014,0,0,0,0,0,0.127404105,0.089032393,0,0,0,0,0,0,0,0,0,0,0.081836951,0,0,0,0,0,0,0,0,0,0,0,0,0.181906978,0.07010381,0,0.399582815,0,0,0,0,0,0,0
"KOS-10","Southeast","Buoy-8","Outer",5.28504428,163.0289405,0,0,0,0,0,0,0,0,0,0,0,0,0,0,0,0.433685536,0,0,0,0,0.510093134,0.681790137,0,0,0,0,0,0,0,0,0,0,0,0,0.56965092,0,1.561867685,0,0,0,0,0,0,0,1.00634889,0,0,0,0.996926423,0,0,0,0.210567139,0.24801808,0,0,0,0,0,0,0,0,0
"KOS-10","Southeast","Buoy-8","Outer",5.28504428,163.0289405,0,0,0.30284031,0,0,0,0,0,0,0,0,0,0,0,0,0,0,0,0,0,0.806220409,1.280227364,0,0,0,0,0,0,0,0,0,0,0,0,0.173135404,0,0,0,0,0,0,0,0,0,0.237657561,0,0,0,0,0,0,0,0,0,0,0,0,0,0,0,0,0,0
"KOS-10","Southeast","Buoy-8","Outer",5.28504428,163.0289405,0,0,0.221069648,0,0,0,0.280085856,0,0,0,0,0,0,0,0,0,0,0,0,0,1.059048065,0.801247829,0,0,0,0,0,0,0,0,0,0,0,0,0.56965092,0,1.137394894,0,0,0,0,0,0,0,0.645432802,0,0,0,0,0,0,0,0.720404231,0,0,0,0,0,0.455313681,0,0,0,0
"KOS-10","Southeast","Buoy-8","Outer",5.28504428,163.0289405,0,0,0.10094677,0,0,0,0,0,0,0,0,0,0,0,0,0.306631669,0,0,0,0,0.23484494,1.760240865,0,0,0,0,0,0,0.072511926,0,0,0,0,0,0.066245102,0,0,0,0,0.098615943,0,0,0,0,0.98941288,0,0,0,0,0,0,0,0,0,0,0,0,0,0,0,0,0,0
"KOS-10","Southeast","Buoy-8","Outer",5.28504428,163.0289405,0,0,0,0,0,0,0,0,0,0,0,0,0,0,0,0.345717999,0,0,0,0,0.57895628,0.589204598,0,0,0,0,0,0,0,0,0,0,0,0,0.497645851,0,0.776426808,0,0,0,0,0,0,0,1.043246863,0,0,0,0,0,0,0,0.154835392,0.24801808,0,0,0,0,0.383015057,0,0,0,0
"KOS-10","Southeast","Buoy-8","Outer",5.28504428,163.0289405,0,0,0.083819667,0,0,0,0,0,0,0,0,0,0,0,0,0.07829275,0,0,0,0,1.405093094,0.368072834,0,0,0,0,0,0,0,0,0,0,0,0,0,0,0,0,0,0,0,0,0,0,1.578683396,0,0,0,0,0,0,0,0,0,0,0,0,0,0,0,0,0,0
"KOS-10","Southeast","Buoy-8","Outer",5.28504428,163.0289405,0,0,0,0,0,0,0,0,0,0,0,0,0,0,0,0,0,0,0,0,0.716791617,0.63774379,0,0,0,0,0,0,0,0,0,0,0,0,0,0,0,0,0,0,0,0,0,0,0.608534829,0,0,0,0,0,0,0,0,0,0,0,0,0,0.496119952,0,0,0,0
"KOS-10","Southeast","Buoy-8","Outer",5.28504428,163.0289405,0,0,0.322016418,0,0,0,0,0,0,0,0,0,0,0,0,0,0,0,0,0,0.653427663,0.822016299,0,0,0,0,0,0.637020525,0.629154225,0,0,0,0,0,0,0,0,0,0,0,0,0,0,0,0.613402838,0,0,0,0,0,0,0,0,0,0,0,0,0,0,0,0,0,0
"KOS-10","Southeast","Buoy-8","Outer",5.28504428,163.0289405,0,0,0,0,0,0,0,0,0,0,0,0,0,0,0,0,0,0,0,0,0.757355531,0.63774379,0,0,0,0,0,0,0,0,0,0,0,0,0,0,0.136729404,0,0,0,0,0,0,0,0.933412263,2.211133822,0,0,0.171234744,0,0,0,0,0.543984201,0,0,0,0,1.330826859,0,0,0,0
"KOS-10","Southeast","Buoy-8","Outer",5.28504428,163.0289405,0,0,0.480491512,0,0,0,0,0,0,0,0,0,0,0,0,0,0,0,0,0,0.467227955,0.651693049,0,0,0,0,0,0.440393056,0,0,0,0,0,0,0,0,0.059144638,0,0,0.162040704,0,0,0,0,0,0,0,0,0,0,0,0,0,0,0,0,0,0,0,0,0,0,0
"KOS-10","Southeast","Buoy-8","Outer",5.28504428,163.0289405,0,0,0,0,0,0.44594308,0,0,0,0,0,0,0,0,0,0,0,0,0,0,0.860988636,0.986418907,0,0,0,0,0,0,0,0,0,0,0,0,0.56965092,0,0,0,0,0,0,0,0,0,2.718440533,2.211133822,0,0,0,0,0,0,0.45276964,0,0,0,0.1642076,0,0.462449695,0,0,0,0
"KOS-10","Southeast","Buoy-8","Outer",5.28504428,163.0289405,0,0,0.525364962,0,0,0,0,0,0,0,0,0,0,0,0,0.024885063,0,0,0,0,0.391096412,0.511466887,0,0,0,0,0,0.223936732,0,0.051845279,0,0,0,0,0,0,0,0,0,0,0.356870379,0,0,0,0.197882576,0,0,0,0,0,0,0,0,0.164081843,0,0,0,0,0,0,0,0,0
"KOS-10","Southeast","Buoy-8","Outer",5.28504428,163.0289405,0,0,0.120122878,0,0,0,0,0,0,0,0,0,0,0,0,0,0,0,0,0,0.3973643,0.502603599,0,0,0,0,0,0,0,0,0,0,0,0,0,0,0,0,0,3.491700102,0,0,0,0,1.192739237,2.807935761,0,0,0,0,0,0,0,0,0,0,0,0,0.088067007,0,0,0,0
"KOS-10","Southeast","Buoy-8","Outer",5.28504428,163.0289405,0.434045415,0,0.442139296,0,0,0,0,0,0,0,0,0,0,0,0,0.154942042,0,0,0,0,0,0.835965558,0,0,0,0,0,0.671810196,0.94164987,0,0,0,0,0,0.155855299,0,0.136729404,0,0,0,0,0,0,0,0,0,0,0,0,0,0,0,0,0.234185653,0,0,0.119619086,0,0,0,0,0,0
"KOS-10","Southeast","Buoy-8","Outer",5.28504428,163.0289405,0,0,0,0,0,0,0,0,0.360594101,0,0,0,0,0,0,0,0,0,0.124690131,0,1.454430134,0,0,0,0,0,0,0.434629644,0,0,0,0,0,0,0.16052445,0,0.1005936,0,0,0,0,0,0,0,1.688679665,0,0,0,0,0,0,0,0,0,0,0,0.664424614,0,1.653818432,0,0,0,0
"KOS-10","Southeast","Buoy-8","Outer",5.28504428,163.0289405,0,0,0.30284031,0,0,0,0,0,0,0,0,0,0,0.259933875,0.058181133,0.207390806,0,0,0,0,0.653858908,0.734545549,0,0,0,0,0,0,0.880233521,0,0,0,0,0,0.180622171,0,0,0,0,0,0,0,0,0,0.754145389,0,0,0,0,0,0,0,0,0,0,0,0,0,0,0,0,0,0
"KOS-10","Southeast","Buoy-8","Outer",5.28504428,163.0289405,0,0,0,0,0,0,0,0,0,0,0,0,0,0,0,0,0,0,0,0,0.70017188,0,0,0,0,0,0,0.355023788,0,0,0,0,0,0,0,0,0.360968086,0,0,0,0,0,0,0,0.679862501,0,0,0,0.230754933,0,0,0,0.358460637,0.281267976,0,0.27190713,0.239238172,0,1.15414589,0,0,0,0
"KOS-10","Southeast","Buoy-8","Outer",5.28504428,163.0289405,0.434045415,0,0.20189354,0,0,0,0,0,0,0,0,0,0,0,0,0,0,0,0,0,0.437671352,0.919716627,0,0,0,0,0,0.671810196,0.145023852,0,0,0,0,0,0.066245102,0,0,0,0,0,0,0,0,0,0.197882576,0,0,0,0,0,0,0,0,0.164081843,0,0,0,0,0.403261686,0,0,0,0
"KOS-10","Southeast","Buoy-8","Outer",5.28504428,163.0289405,0,0,0,0,0,0,0,0,0.374571435,0,0,0,0.689590546,0,0,0,0,0,1.734871923,0.487342192,0,0,0,0,0,0,0,0,0,0,0,0,0,0,0,0,0.474646008,0,0,0,0,0,0,0,2.798317652,0,0,0,0,0,0,0,0.856576799,0,0,0,0,0,2.669017416,0,0,0,0
"KOS-10","Southeast","Buoy-8","Outer",5.28504428,163.0289405,0,0,0.407385089,0,0,0.203832047,0,0,0,0,0,0,0,0,0,0.176518843,0,0,0,0,0.306620177,0.898744014,0,0,0,0,0,0.996494682,0.869640528,0,0,0,0,0,0.258484968,0,0.360968086,0,0,0.375862216,0,0,0,0,0,0,0,0,0,0,0,0,0,0,0,0,0,0,0.330525724,0,0,0,0
"KOS-10","Southeast","Buoy-8","Outer",5.28504428,163.0289405,0,0,0,0.580805124,0,0,0,0,0,0,0,0,0,0,0,0,0,0,0,0,1.179663911,0.801247829,0,0,0,0,0,0.624021237,0,0,0,0,0,0,0.940882091,0,1.841404563,0,0,0,0,0,0,0,1.83387086,0,0,0,0,0,0,0,2.564953116,0.356350255,0,0,0,0,0,0,0.274082477,0,0
"KOS-11","Northwest","Buoy-TS","Outer",5.343479535,162.946761,0,0,0,0,0,0,0,0,0,0,0,0,0,0,0,0,0,0,0,0,0.403501911,0.23371027,0,0,0,0,0,0.318816134,0,0,0,0,0,0,0.080262225,0,0,0,0,0,0,0,0,0,0,0,0,0,0,0,0,0,0,0,0,0,0,0,0,0,0,0,0
"KOS-11","Northwest","Buoy-TS","Outer",5.343479535,162.946761,0,0,0,0,0,0,0,0,0,0,0,0,0,0.173086128,0,0,0,0,0,0,1.385917102,0.448542218,0,0,0,0,0,0,0,0,0,0,0,0,0.336048562,0,0,0,0,0,0.499252738,0,0,0,0.576504865,0,0,0,0,0,0,0,0.403807159,0,0,0,0,0,0,0,0,0,0
"KOS-11","Northwest","Buoy-TS","Outer",5.343479535,162.946761,0,0,0,0,0,0,0,0,0,0,0,0,0,0,0,0,0,0,0,0,1.192483323,0.794428618,0,0,0,0,0,0.355023788,0,0,0,0,0,0,0,0,0,0,0,0,0.887962226,0,0,0,0,0,0,0,0,0,0,0,0,0,0,0,0,0,0,0,0,0,0
"KOS-11","Northwest","Buoy-TS","Outer",5.343479535,162.946761,0,0,0,0,0,0,0,0,0,0,0,0,0,0,0,0,0,0,0,0,0.432838397,0.570576474,0,0,0,0,0,0.636276062,0,0,0,0,0,0,0,0,0,0,0,0,2.498092653,0,0,0,1.109192743,0,0,0,0,0,0,0,0,0,0,0,0,0,0,0,0,0,0
"KOS-11","Northwest","Buoy-TS","Outer",5.343479535,162.946761,0,0,0,0,0,0,0,0,0,0,0,0,0,0,0,0,28.52791722,0,0,1.121848227,1.554558715,0.915962758,0,0,0,0,0,0,0,0,0,0,0,0,0.416369909,0,0,0,0,0,3.302469902,0,0,0,2.511957564,0,0,0.712663398,0,0,0,0,0,0,0,0,0,0,0,0,0,0,0
"KOS-11","Northwest","Buoy-TS","Outer",5.343479535,162.946761,0,0,0,0,0,0,0,0,0,0,0,0,0,0,0,0,0,0,0,0,0.253598526,0.41001806,0,0,0,0,0,0,0,0,0,1.56199723,0,0,0,0,0,0,0,0,4.191010033,0,0,0,0,2.317322203,0,0,0,0,0,0,0,0,0,0,0,0,0,0,0,0,0
"KOS-11","Northwest","Buoy-TS","Outer",5.343479535,162.946761,0,0,0,0,0,0,0,0,0,0,0,0,0,0,0,0,0,0,0,0,0.209258838,0.280452324,0,0,0,0,0,0.148501321,0,0,0,0,0,0,0,0,0,0,0,0,0,0,0,0,0.38518524,0,0,0,0,0,0,0,0,0,0,0,0,0,0,0,0,0,0
"KOS-11","Northwest","Buoy-TS","Outer",5.343479535,162.946761,0,0,0,0,0,0,0,0,0,0,0,0,0,0,0,0,0,0.664095363,0,0,0.795159845,0.757201482,0,0,0,0,0,0.958793111,0,0,3.773122876,0,0,0,0.362785281,0,0,0,0,0,2.803886977,0,0,0,3.339603216,0,0,0,0,0,0,0,0,0,0,0,0,0,0,0,0,0,0
"KOS-11","Northwest","Buoy-TS","Outer",5.343479535,162.946761,0,0,0,0,0,0,0,0,0,0,0,0,0,0,0,0,0,0,0,0,0,0.74948994,0,0,0,0,0,0,0,0,1.823789953,0,0,0,0,0,0,0,0,0,0.953496072,0,0,0,0,0,0,0,0,0.21296,0,0,0,0,0,0,0,0,0,0,0,0,0
"KOS-11","Northwest","Buoy-TS","Outer",5.343479535,162.946761,0,0,0,0,0,0,0,0,0,0,0,0,0,0,0,0,0,0,0,0,0.971753535,0.327194378,0,0,0,0,0,0,0,0,0,0,0,0,0,0,0,0,0,0,0.356870379,0,0,0,0.237657561,0,0,0,0.069587886,0.03652264,0,0,0,0,0,0,0,0,0,0,0,0,0
"KOS-11","Northwest","Buoy-TS","Outer",5.343479535,162.946761,0,0,0,0.212877866,0,0,0,0,0,0,0,0,0,0.570030108,0,0,0,0.768408323,0,0,0.985822001,1.214606988,0,0,0,0,0,3.063238787,0,0,0,1.40356629,0,0,0,0,0,0,0,0,0,0,0,0,2.728459923,0,0,0,0,0,0,0,0,0,0,0,0,0,0,0,0,0,0
"KOS-11","Northwest","Buoy-TS","Outer",5.343479535,162.946761,0,0,0,0,0,0,0,0,0,0,0.702241656,0,0,0,0,0,0,0,0,0,1.26799263,0.370342156,0,0,0,0,0,0.869259288,0,0,0,0,0,0,0,0,0,0,0,0,0.953496072,0,0,0,3.060271212,0,0,0,0,0,0,0,0,0,0,0,0,0,0,0,0,0,0
"KOS-11","Northwest","Buoy-TS","Outer",5.343479535,162.946761,0,0,0,0,0,0,0,0,0,0,0,0,0,0,0,0,0,0,0,0,0.484947583,0.717773345,0,0,0,0,0,0,0,0,0,0,0,0,0,0,0,0,0,0,0,0,0,0,0,0,0,0,0,0,0,0,0,0,0,0,0,0,0,0,0,0,0
"KOS-11","Northwest","Buoy-TS","Outer",5.343479535,162.946761,0,0,0,0,0,0,0,0,0,0,0,0,0,0,0,0.82374427,0,0.664095363,0,0,1.913800587,0.562794796,0,0,0,0,0,0,0,0,0,0,0,0,1.115203752,1.620830258,0,0,0,0,2.521505043,0,0,0,4.342753238,0,0,0,0,0,0,0,0,0,0,0,0,0,0,0,0,0,0
"KOS-11","Northwest","Buoy-TS","Outer",5.343479535,162.946761,0,0,0,0,0,0,0,0,0,0,0,0,0,0,0,0,0,0,0,0,0.167346947,0.591515562,0,0,0,0,0,0.284935225,0,0,0,0,0,0,0,0,0,0,0,0,0,0,0,0,0.966117167,0,0,0,0,0,0,0,0,0,0,0,0,0,0,0,0,0,0
"KOS-11","Northwest","Buoy-TS","Outer",5.343479535,162.946761,0,0,0,0,0,0,0,0,0,0,0,0,0,0,0,0,0,0,0,0,0.509400322,0.093484108,0,0,0,0,0,0.787222046,0,0,0,0,0,0,0,0,0,0,0,0,0,0,0,0,0.395765152,0,0,0,0,0,0,0,0,0,0,0,0,0,0,0,0,0,0
"KOS-11","Northwest","Buoy-TS","Outer",5.343479535,162.946761,0,0,0,0,0,0,0,0,0,0,0,0,0,0,0,0,0,0,0,0,1.647830224,0.682252488,0,0,0,0,0,0,0,0,2.688624049,1.594664269,0,0,0,4.415951985,0.890527582,0,0,0,0,0,0,0,4.385216986,0,0,0,0,0,0,0,0,0,0,0,0,0,0,0,0,0,0
"KOS-11","Northwest","Buoy-TS","Outer",5.343479535,162.946761,0,0,0,0,0,0,0,0,0,0,0,0,0,0,0,0,0,0,0,0,0,2.82055875,0,0,0,0,0,0.284935225,0,0,0,0,0,0,0,0,0,0,0,0,0.543797509,0,0,0,0.395765152,0,0,0,0,0,0,0,0,0,0,0,0,0,0,0,0,0,0
"KOS-11","Northwest","Buoy-TS","Outer",5.343479535,162.946761,0,0,0,0,0,0,0,0,0,0,0,0,0,0,0,0,0,0,0,0,0.487294063,0.280452324,0,0,0,0,0,0,0,0,0,0,0,0,0.053956422,0,0,0,0,0,0,0,0,0,0.25679016,0,0,0,0.205922178,0,0,0,0,0,0,0,0,0,0,0,0,0,0
"KOS-11","Northwest","Buoy-TS","Outer",5.343479535,162.946761,0,0,0,0,0,0,0,0,0,0,0,0,0,0,0,0,28.52791722,0,0,0,1.099248975,0.409581842,0,0,0,0,0,0,0,0,0,4.720273839,0,0,0,2.450127391,0,0,0,0,4.398092898,0,0,0,4.895262188,0,0,0,0,0,0,0,0,0,0,0,0,0,0,0,0,0,0
"KOS-11","Northwest","Buoy-TS","Outer",5.343479535,162.946761,0,0,0,0,0,0,0,0,0,0,0,0,0,0,0,0,0,0,0,0,0,0.37474497,0,0,0,0,0,0,0,0,0,2.447830169,0,0,0,0.571068548,0,0,0,0.318285933,3.550472622,0,0,0,0.723552595,0,0,0,0,0,0,0,0,0,0,0,0,0,0,0,0,0,0
"KOS-11","Northwest","Buoy-TS","Outer",5.343479535,162.946761,0,0,0,0,0,0,0,0,0,0,0,0,0,0,0,0,0,0,0,0,0.857226057,0.23371027,0,0,0,0,0,0.520939374,0,0,0,0,0,0,0,0,0,0,0,0,3.107867791,0,0,0,0,0,0,0,0,0,0,0,0,0,0.160732027,0,0,0,0,0,0,0,0
"KOS-11","Northwest","Buoy-TS","Outer",5.343479535,162.946761,0,0,0,0,0,0,0,0,0,0,0,0,0,0,0,0,0,0,0,0,0.475728867,0.562794796,0,0,0,0,0,1.148184704,0,0,0,0,0,0,0,0,0.706649785,0,0,0,2.741646882,0,0,0,2.828548245,0,0,0,0,0,0,0,0,0.443623964,0,0,0,0,0,0,0,0.424498148,0
"KOS-11","Northwest","Buoy-TS","Outer",5.343479535,162.946761,0,0,0,0,0,0,0,0,0,0,0,0,0,0,0,0,0,0,0,0,0.11742247,0.224846982,0,0,0,0,0,0.710047576,0,0,0,0,0,0,0,0,0,0,0,0,0,0,0,0,1.229078707,0,0,0,0,0,0,0,0,0,0,0,0,0,0,0,0,0,0
"KOS-11","Northwest","Buoy-TS","Outer",5.343479535,162.946761,0,0,0,0,0,0,0.059822458,0,0,0,0,0,0,0,0,0.064266061,0,0,0,0,0.409808458,0.280452324,0,0,0,0,0,1.329927937,0,0,0,0,0.44472432,0,0,0,0.142755564,0,0,0,0.248288546,0,0,0,0,0,0,0,0,0,0,0,0,0,0,0,0,0,0,0,0,0,0
"KOS-11","Northwest","Buoy-TS","Outer",5.343479535,162.946761,0,0,0,0,0,0,1.61175368,0,0.334076472,0,0,0,0,0,0,0,0,0,0,0,0,0.90709947,0,0,0,0,0,2.317400109,0,0,0,0.479440559,0,0,0.886213256,0,0,0,0,0,3.21571544,0,0,0,0.576504865,0,0,0,0,0,0,0,0,0,0,0,0,0,0,0,0,0,0
"KOS-11","Northwest","Buoy-TS","Outer",5.343479535,162.946761,0,0,0,0,0,0,0,0,0,0,0,0,0,0,0,0,0,0,0,0,0.197760399,0.674540946,0,0,0,0,0,0,0,0,0,0,0,0,0,0,0,0,0,0,0,0,0,0,0.395765152,0,0,0,0,0,0,0,0,0,0,0,0,0,0,0.279737159,0,0,0
"KOS-11","Northwest","Buoy-TS","Outer",5.343479535,162.946761,0,0,0,0,0,0,0.280085856,0,0,0,0,0,0,0,0,0,0,0,0,0,0.771731211,0.606748133,0,0,0,0,0,0,0,0,0,0,0,0,0,0,0,0,0,0,0.713740758,0,0,0,0,0,0,0,0,0,0,0,0,0,0,0,0,0,0,0,0,0,0
"KOS-11","Northwest","Buoy-TS","Outer",5.343479535,162.946761,0,0,0,0,0,0,0,0,0,0,0,0,0,0,0,0,0,0,0,0.326956029,1.346701887,1.14080974,0,0,0,0,0,0,0,0,0,1.888405189,0,0,0,0,0.526165742,0,0,0,1.438814268,0,0,0,1.550055298,0,0,0,0,0,0,0,0,0,0,0,0,0,0,0,0,0,0
"KOS-11","Northwest","Buoy-TS","Outer",5.343479535,162.946761,0,0,0,0,0,0,0,0,0,0,0,0,0,0,0,0,0,0,0,0,0,0.238915384,0,0,0,0,0,0.956260972,0,0,0,0,0,0,0,0,0,0,0,0,0,0,0,0,0.450645632,0,0,0,0,0,0,0,0,0.317341246,0,0,0,0,0,0,0,0,0
"KOS-11","Northwest","Buoy-TS","Outer",5.343479535,162.946761,0,0,0,0,0,0,0,0,0,0,0,0,0,0,0,0,0,0,0,0.575272059,0.353607303,0.280452324,0,0,0,0,0,0,0,0,0,0,0,0,0,0,0,0,0,0,0.356870379,0,0,0,0.744572631,0,0,0,0.069587886,0,0,0,0,0,0,0,0,0,0,0,0,0,0
"KOS-11","Northwest","Buoy-TS","Outer",5.343479535,162.946761,0,0,0,0,0,0,0,0,0,0,0,0,0,0,0,0,0,0,0,0,1.618274765,1.14080974,0,0,0,0,0,0,0,0,0,0,0,0,0.684414223,0,0,0,0,0,1.81567776,0,0,0,3.167173372,0,0,0,0,0,0,0,0,0,0,0,0,0,0,0,0,0,0
"KOS-11","Northwest","Buoy-TS","Outer",5.343479535,162.946761,0,0,0,0,0,0,0,0,0,0,0,0,0,0,0,0,0,0,0,0,0.878042202,0.37474497,0,0,0,0,0,0.710047576,0,0,0,0,0,0,0,0,0,0,0,0,0,0,0,0,2.232360592,0.952703293,0,0,0,0,0,0,0,0,0,0,0,0,0,0,0,0,0
"KOS-11","Northwest","Buoy-TS","Outer",5.343479535,162.946761,0,0,0,0,0,0,0,0,0,0,0,0,0,0,0.031023426,0,0,0,0,0,0.690470977,0.465623402,0,0,0,0,0,0,0,0,0,0,0,0,0,0,0,0,0,0,8.535345334,0,0,0,0.391002067,0,0,0,0,0.08144389,0,0,0,0,0,0,0,0,0,0,0,0,0
"KOS-11","Northwest","Buoy-TS","Outer",5.343479535,162.946761,0,0,0,0,0,0,0,0,0,0,0,0,0,0,0,0,0,0,0,2.02107705,1.281934109,0.915962758,0,0,0,0,0,0,0,0,0,0,0,0,0,0,0,0,0,0,1.851952947,0,0,0,2.051205886,0,0,0,0,0,0,0,0,0,0,0,0.218706182,0,0,0,0,0,0
"KOS-11","Northwest","Buoy-TS","Outer",5.343479535,162.946761,0,0,0,0,0,0,0,0,0,0,0,0,0,0,0,0,0,0,0,0,1.013690453,0.224846982,0,0,0,0,0,0,0,0,0,0,0,0,0,0,0,0,0,0,0.854050275,0,0,0,0,0,0,0,0,0,0,0,0,0,0,0,0,0,0,0,0,0,0
"KOS-16","North","Buoy 44","Outer",5.37288,162.9846,0,0,0,0,0,0,0,0,0,0,0,0,0,0,0,0,0,0,0,0,0.058711235,0.186968216,0,0,0,0,0,0,0,0.048219197,3.034554374,0,0,0,0.086567702,0,0,0,0,0,0.356870379,0,0,0,0,0,0,0,0,0,0,0,0,0,0,0,0,0,0,0,0,0,0
"KOS-16","North","Buoy 44","Outer",5.37288,162.9846,0,0,0,0,0,0,0,0,0.305364932,0,0,0,0.146427074,0.385892536,0,1.031135076,0,0,0,0,1.235374336,1.999370018,0,0,0,0,0,0,0,0,0,0,0,0,3.362585598,1.508551605,0,0,0,0,0.71905809,0,0,0,3.339462728,0,0,0,0,0,0,0,0,0,0,0,0,0,0,0,0,0,0
"KOS-16","North","Buoy 44","Outer",5.37288,162.9846,0,0,0,0,0,0,0.142701691,0,0,0,0,0,0,0,0,0,0,0,0,0,0.444260682,0.358373076,0,0,0,0,0,0,0,0,0,0,0,0,0.36866685,0,0,0,0,0,0,0,0,0,0,0,0,0,0,0,0,0,0,0,0,0,0,0,0,0,0,0,0
"KOS-16","North","Buoy 44","Outer",5.37288,162.9846,0,0,0,0,0,0,0,0,0,0,0,0,0,0,0.062046852,0,0.653916537,0,0,0,0.414462285,0,0,0,0,0,0,0,0,0,0,0.823053346,0,0,0,0,0,0,0,0,0,0,0,0,0.12839508,0,0,0,0,0,0,0,0,0,0,0,0,0,0,0,0,0,0
"KOS-16","North","Buoy 44","Outer",5.37288,162.9846,0,0,0,0,0.176120127,0,0,0,0,0,0,0,0,0.13907317,0,0.154942042,0,0,0,0,1.344866818,1.496304068,0,0,0,0,0,0,0,0,0,0.823053346,0,0,0,0,0,0,0,0,0,0,0,0,1.217069658,0,0,0,0,0,0,0,0,0,0,0,0.218706182,0,1.058215756,0,0,0,0
"KOS-16","North","Buoy 44","Outer",5.37288,162.9846,0.434045415,0,0,0,0,0,0.217699781,0,0,0,0,0,0.220159628,0,0,0,0,0,0,0,0,0.648098773,0,0,0,0,0,0,0,0,0,0,0,0,0.236176646,0,0,0,0,0,0,0,0,1.17582462,0.255022601,0,0,0,0,0,0,0,0,0,0,0,0,0,0,0,0,0,0
"KOS-16","North","Buoy 44","Outer",5.37288,162.9846,0,0,0,0,0,0.203832047,0,0,0,0,0,0,0,0.199375578,0,0,0,0,0,0,0.317132848,0.514162594,0,0,0,0,0,0,0,0,0,0,0,0,0,0,0,0,0,0,0,0,0,0,0.109262481,0,0,0,0,0,0,0,0,0,0,0.449853664,0,0,0,0,0,0,0
"KOS-16","North","Buoy 44","Outer",5.37288,162.9846,0.434045415,0,1.056109936,0,0,0,0,0,0,0,0,0,2.228869108,0,0,0,0,0,0,0,0.988584101,1.927462918,0,0,0,0,0,0,0,0,0,2.265853952,0,0,0,0,0,0,0,0,0,0,0,0,0.900455403,0,0,0,0,0,0,0,0,0,0,0,0,0,0.567363635,0,0,0,0
"KOS-16","North","Buoy 44","Outer",5.37288,162.9846,0.434045415,0,1.277661424,0,0,0,0,0,0,0,0.205794871,0,0,0,0,0,0,0,0,0,0,0,0,0,0,0,0,0,0,0,0,0,0,0,0.536088628,0,0,0,0,0,0,0,0,0,0.861157695,0,0,0,0,0,0,0,0,0.24801808,0,0,0,0,0,0,0,0,0
"KOS-16","North","Buoy 44","Outer",5.37288,162.9846,0.294582291,0,0,0,0,0,0,0,0,0,0,0,0.280804978,0.250562853,0,0,0,0,0,0,0.222130341,0.23371027,0,0,0,0,0,0,0,0,0,0,0,0,0.043283851,0,0,0,0,0,0,0,0,0,0.109262481,0,0,0,0,0,0,0,0,0,0,0,0,0,0,0,0,0,0
"KOS-16","North","Buoy 44","Outer",5.37288,162.9846,0,0,0,0,0.131702531,0.683484677,0.103788678,0,0.296675471,0,0,0,0,0,0,0,0,0,0,0,0.826624369,2.027759999,0,0,0,0,0,0,0,0,0,5.948465886,0,0,0,0,0.385919181,0,0,0,0.492251882,0,0,0,1.867857411,0,0,1.559027501,0,0,0,0,0.316597072,0,0,0,0.361427268,0,1.14940035,0,0,0,0
"KOS-16","North","Buoy 44","Outer",5.37288,162.9846,0.767028582,0,0,0,0,0,1.181162638,0,0,0,0,0,0,0,0.194046606,0,0,0,0,0,0.580272768,0.277756617,0,0,0,0,0,0,0,0,0,0,0,0,0,0,0,0,0,0,1.331943339,0,0,0,0,0,0,0,0,0,0,0,1.077892927,0,0,0,0,0,0.830400614,0,0,0,0
"KOS-16","North","Buoy 44","Outer",5.37288,162.9846,0,0,0,0,0,0,0.087323898,0,0,0,0,0,0,0.025170466,0,0,0,0,0,0,0.51506927,0.280452324,0,0,0,0,0,0.148501321,0,0,0,0,0,0,0,0,0,0,0,0,0.398886907,0,0,0,0.854759656,0,0,0,0,0,0,0,0,0,0,0,0,0,0,0,0,0,0
"KOS-16","North","Buoy 44","Outer",5.37288,162.9846,0,0,0,0,0,0,0,0,0.296675471,0,0,0,0,0.127818033,0,0,0,0,0,0,0.75452769,1.635012402,0,0,0,0,0,0,0,0,0,5.456345273,0,0,0.799872553,3.21574659,2.339060872,1.306317354,0,0,0,0,0,0,1.922969116,0,0,0,0,0,0,0,0.562072327,0,0,0,0,0,1.464320589,0,0,0,0
"KOS-16","North","Buoy 44","Outer",5.37288,162.9846,0,0,0,0,0,0,0,0,0,0,0,0,0,0,0,0,0.786429855,0,0,0,0,0.815064408,0,0,0,0,0,0,0,0,0,0,0,0,0.066245102,0,0,0,0,0,0,0,0,0,0.172630098,0.952703293,0,0,0,0,0,0,0,0,0,0,0,0,0,0,0,0,0
"KOS-16","North","Buoy 44","Outer",5.37288,162.9846,0,0,0,0,0,0,0,0,0,0,0,0,0,0,0.038873118,0,0,0,0,0,0.193424256,0.445549358,0,0,0,0,0,0.318816134,0,0,0,0,0,0,0,0,0,0,0,0,0,0,0,0,1.155709099,0.952703293,0,0,0,0,0,0,0.109801223,0,0,0.353283717,0,0,0,0,0,0,0
"KOS-16","North","Buoy 44","Outer",5.37288,162.9846,0,0,0,0,0,0,0,0,0.151522591,0,0,0,0,0.836992243,0,1.031135076,0,0,0,0,0,1.142699888,0,0,0,0,0,0,0,0,0,0,0,0,1.29288707,0,0.656661524,0.479915852,0,0,0,0,0,0,3.375801437,0,0,0.760664213,0,0,0,0,0.687424315,0,0,0,0,0,0.567363635,0,0,0,0
"KOS-16","North","Buoy 44","Outer",5.37288,162.9846,0,0,0,0,0,0,0,0,0,0,0,0,0.390861589,0.294473307,0,0,0,0,0,0,0,0.796751801,0,0,0,0,0,0,0,0,0,0,0,0,0.132490204,0,0,0,0,0,0,0,0,0,1.167752858,0,0,0,0,0,0,0,0,0,0,0,0,0,0,0,0,0,0
"KOS-16","North","Buoy 44","Outer",5.37288,162.9846,0.220650042,0,0,0,0,0,0,0,0,0,0,0,0,0,0.031023426,0,0,0,0,0,0.029311656,0.369336599,0,0,0,0,0,0,0.145023852,0,0,0,0,0,0.053956422,0,0.038983293,0,0,0,0,0,0,0,0.25679016,0,0,0,0,0,0,0,0,0,0,0,0,0,0,0,0,0,0
"KOS-16","North","Buoy 44","Outer",5.37288,162.9846,0,0,0,0,0,0,0,0,0,0,0,0,0.24927129,0,0,0,0,0,0,0,0.930189233,1.750003382,0,0,0,0,0,0,0,0,2.688624049,4.428672249,0,0,0.16052445,7.792316958,0,0,0,0,1.63476511,0,0,0,0.739957742,2.137396337,0,1.036911569,0,0,0,0,1.527951813,0,0,0,0,0,0.462449695,0,0,0,0
"KOS-16","North","Buoy 44","Outer",5.37288,162.9846,0,0,0,0,0,0,0,0,0,0,0,0,0,0,0.058181133,0,0,0,0,0,0,0.449693964,0,0,0,0,0,0,2.909419884,0,0,0,0,0,0.474974296,0,0,0,0,0,0,0,0,0,0,0,0,0,0.171234744,0,0,0,0,0,0,0,0,0,0,0,0,0,0
"KOS-16","North","Buoy 44","Outer",5.37288,162.9846,0,0,0,0,0,0,0,0,0.09329595,0,0,0,0,0.854740337,0,0.128532122,0,0,0,0,0.395497415,0.505299306,0,0,0,0,0,0,0,0,0,0,0,0,0,0,0.071377782,0,0,0,1.082523183,0,0,0,0.149492374,0,0,0,0,0,0,0,0,0.24801808,0,0,0,0,0.371265101,0,0,0,0
"KOS-16","North","Buoy 44","Outer",5.37288,162.9846,0,0,0,0,0,0,0,0,0,0,0,0,0,0.2282799,0,1.301770541,0,0,0,0,1.520313061,1.49586785,0,0,0,0,0,0,0,0,0,1.236561147,0,0,0,1.589285002,0,0,0,0,0.92727893,0,0,0,0.797252294,0,0,0,0,0,0,0,0,0,0,0,0,0,0.792975419,0,0,0,0
"KOS-16","North","Buoy 44","Outer",5.37288,162.9846,0,0,0,0,0,0,0.217699781,0,0,0,0,0,0.478030579,0,0,0,0,0,0,0,0,0.185171078,0,0,0,0,0,0,1.129384604,0,0,0,0,0,0.679283274,0,0,0,0,0,0,0,0,0,0,0,0,0,0,0,0,0,0,0,0,0,0,0,0,0,0,0,0
"KOS-16","North","Buoy 44","Outer",5.37288,162.9846,0,0,0,0,0,0,0.541103208,0,0,0,0,0,0,0.387751908,0.031023426,0,0,0,0,0,0.500095128,0,0,0,0,0,0,0,0,0,0,0,0,0,0,0,0,0,0,0,0,0,0,0,0.583067816,0,0,0,0,0,0,0,0,0,0,0.175321321,0,0,0,0,0,0,0
"KOS-16","North","Buoy 44","Outer",5.37288,162.9846,0,0,0,0,0.662157651,0,0,0,0.526094026,0,0,0,0,0,0,0.63785263,0,0,0,0,0,0.811382006,0,0,0,0,0,0,0,0,0,4.335448047,0,0,0,0,0,0,0,0,5.717461593,0,0,0,3.070653112,0,0,0.390370341,0,0,0,0,0,0,0,0,0,0,2.110892562,0,0,0,0
"KOS-16","North","Buoy 44","Outer",5.37288,162.9846,0,0,0,0,0,0,0.247579592,0,0,0,0,0,0,0,0,0,0,0,0,0,0.756655076,0,0,0,0,0,0,0,0,0,0,0,0,0,0.311710598,0,0,0,0,0,0,0,0,0,0.439850407,0,0,0,0,0,0,0,0,0,0,0,0,0,0,0,0,0,0
"KOS-16","North","Buoy 44","Outer",5.37288,162.9846,0,0,0,0,0,0,0,0,0,0,0,0,0,0.032469045,0,0,0,0,0,0,0,0.23371027,0,0,0,0,0,0,0,0,0,0,0,0,0,0,0,0,0,0,0,0,0,0,0.369904773,0,0,0,0,0,0,0,0,0,0,0,0,0,0,0,0,0,0
"KOS-16","North","Buoy 44","Outer",5.37288,162.9846,0,0,0,0,0.176120127,0,0,0,0,0,0,0,0,0,0,0,0,0,0,0,1.051223208,1.307818024,0,0,0,0,0,0,0,0,0,0.97128525,0,0,0,0,0,0,0,0,5.717461593,0,0,0,2.26518453,0,0,0,0.401989677,0,0,0,0,0,0,0,0,0,0,0,0,0,0
"KOS-16","North","Buoy 44","Outer",5.37288,162.9846,0,0,0,0,0,0,0,0,0,0,0,0,0,0,0,0,0,0,0,0,0,0.701843079,0,0,0,0,0,0,0,0,0,0,0,0,0,0,0,0,0,0,0,0,0,0,0.450645632,0,0,0,0,0,0,0,0.485569016,0,0,0,0,0,0,0,0,0,0
"KOS-16","North","Buoy 44","Outer",5.37288,162.9846,0,0,0,0,0,0,0,0,0.129961841,0,0,0,0,0,0.058181133,0,4.263290497,0,0,0,0.143765774,0.246914978,0,0,0,0,0,0.108228162,0.217535778,0,0,0,0,0,0.129851553,0,0,0,0,0,0.356870379,0,0,0,0,0,0,0,0,0,0,0,0,0,0,0,0,0,0,0,0,0,0
"KOS-16","North","Buoy 44","Outer",5.37288,162.9846,0,0,0,0,0,0,0,0,0,0,0,0,0,0,0,0,0,0,0,0,0.541561319,1.81419894,0,0,0,0,0,0,0,0,0,0,0,0,0,0,0,0,0,0,6.107264333,0,0,0,3.557587356,4.28145956,0,0,0,0,0,0,0.562072327,0,0.368826612,0,0,0,0.686950655,0,0,0,0
"KOS-16","North","Buoy 44","Outer",5.37288,162.9846,0,0,0,0,0,0,0,0,0,0,0,0,0,0,0.130875857,0,0,0,0,0,1.441359704,0.370342156,0,0,0,0,0,0,0,0,0,0,0,0,0.76096415,0,0,0,0,0,0,0,0,0,0.450645632,0,0,0,0,0,0,0,0,0,0,0,0,0,0,0,0,0,0
"KOS-16","North","Buoy 44","Outer",5.37288,162.9846,0,0,0,0,0,0,0,0,0,0,0,0,0,0.255636066,0.097054251,0,0,0,0,0,0.348452522,0.326295809,0,0,0,0,0,0,0,0,0,0,0,0,0,0,0,0,0,0,0,0,0,0,0.109262481,0,0,0,0,0,0,0,0.393148185,0,0,0,0,0,0,0,0,0.093365097,0
"KOS-16","North","Buoy 44","Outer",5.37288,162.9846,0,0,1.42559603,0,0.152953257,0,0,0,0,0,0,0,0,0,0,0,0,0,0,0,0.541561319,2.619817212,0,0,0,0,0,0,0,0,0,7.232168407,0,0,0,0,0,0,0,0,0,0,0,0,0,1.45012612,0,0,0,0,0,0,0,0,0,0,0.284113102,0,0,0,0,0.205320344,0
"KOS-16","North","Buoy 44","Outer",5.37288,162.9846,0,0,0,0,0,0,0,0,0,0,0,0,0,0,0,0.207390806,0.786429855,0,0,0,0.575063096,0.740684312,0,0,0,0,0,0,0,0,0,0,0,0,0,0,0,0,0,0,0,0,0,0,0.964446792,0,0,0,0,0,0,0,0,0,0,0.626247122,0,0,0,0,0,0,0.248527213
"KOS-17","Northeast Corner","Buoy 50","Outer",5.35628,163.0236,0,0,0,0,0,0,0,0,0,0.237269322,0,0,0,0,0,0.094245749,2.891728618,0,0,0,0.431082022,0.13370438,0,0,0,0,0,0.127404105,0,0,0,0,0,0,0,0,0.340658508,0,0,1.106250655,0.598715719,0,0,0,0.197882576,0,0,0,0,0,0,0,0,0,0,0,0,0,0,0,0,0,0
"KOS-17","Northeast Corner","Buoy 50","Outer",5.35628,163.0236,0,0,0,0,0,0,0,0,0,0,0,0,0,0.091419229,0,0,0,0,0.223449418,0,0.294479047,0.093484108,0,0,0,0,0,0,0,0,0,0,0,0,0.677616014,0,0.071377782,0,0,0,0,0,0,0,0,0,0,0,0,0,0,0,0,0,0,0,0,0,0,0,0,0,0
"KOS-17","Northeast Corner","Buoy 50","Outer",5.35628,163.0236,0,0,0,0,0,0,0,0,0,0,0,0,0,0,0,0,0,0,0,0,0.861302844,0.322258167,0,0,0,0,0,0.76442463,0.237451527,0,0,0,0,0,0,0,0.510987762,0,0,0,0,0,0,0,0.952027965,0,0,0,0,0,0,0,0,0,0,0.125939004,0,0.345989579,0,0,0,0,0
"KOS-17","Northeast Corner","Buoy 50","Outer",5.35628,163.0236,0,0,0,0,0,0,0,0,0.1105947,0,0,0,0,0.464235583,0,0,0,0,0,0,0.29879404,0.763759025,0,0,0,0,0,0,0,0,0,0,0,0,0,0,0,0,0,0,0,0,0,0,1.791901185,0,0,0,0,0,0,0,0,0,0,0,0,0,0,0,0,0,0
"KOS-17","Northeast Corner","Buoy 50","Outer",5.35628,163.0236,0,0,0,0,0,0,0,0,0,0,0,0,0,0,0,0,0,0,0,0,0.822277669,0.280452324,0,0,0,0,0,0,0.362057046,0,0,0,0,0,0.132490204,0,0,0,0,0,0,0,0,0,0.197882576,0,0,0,0,0,0,0,0,0.164081843,0,0,0,0,0,0,0,0,0
"KOS-17","Northeast Corner","Buoy 50","Outer",5.35628,163.0236,0,0,0,0,0,0,0,0,0,0,0,0,0,0,0,0,0,0,0,0,0.086683537,0.479791429,0,0,0,0,0,0,0.323268876,0,0,0,0,0,0,0,0,0,0.187931108,0,0.443981113,0,0,0,1.226667581,0,0,0,0,0,0,0,0,0,0,0,0,0,0,0,0,0,0
"KOS-17","Northeast Corner","Buoy 50","Outer",5.35628,163.0236,0,0,0,0,0,0,0,0,0,0,0,0,0,0,0,0,0,0,0,0,0.594515268,0.092585539,0,0,0,0,0,0.857911335,0.731951032,0,0,0,0,0,0.066245102,0,0,0,0,0,0,0,0,0,0.941022678,0,0,0,0,0,0,0,0,0,0,0.125939004,0,0,0,0,0,0,0
"KOS-17","Northeast Corner","Buoy 50","Outer",5.35628,163.0236,0,0,0,0,0,0,0,0,0,0,0,0,0,0.07622084,0,0.132442017,0,0,0,0,0.226058182,0.440637701,0,0,0,0,0,0,0,0,0,0,0,0,0,0,0,0,0,0,0,0,0,0,0,0,0,0,0,0,0,0,0,0,0,0,0,0,0,0,0,0,0
"KOS-17","Northeast Corner","Buoy 50","Outer",5.35628,163.0236,0,0,0,0,0,0,0.317349487,0,0,0,0,0,0.21534313,0,0,0,4.263290497,0,0,0,0,0.140226162,0,0,0,0,0,0,0,0,0,0,0,0,0.242019157,0.508451877,0.201900202,0.288255802,0.081836951,0,0.100569083,0,0,0,0.197882576,0,0,0,0,0,0,0,0,0,0,0.210497232,0.083943069,0,0,0,0,0,0
"KOS-17","Northeast Corner","Buoy 50","Outer",5.35628,163.0236,0,0,0.221069648,0,0,0,0,0,0,0,0,0,0,0,0,0,0,0,0,0,0.167346947,0.288404204,0,0,0,0,0,0,0,0,0,0,0,0,0.460487377,0,0,0,0,0,0,0,0,0.190891977,0,0,0,0,0,0,0,0,0,0,0,0,0,0,0,0,0,0,0
"KOS-17","Northeast Corner","Buoy 50","Outer",5.35628,163.0236,0,0,0,0,0,0,0,0,0,0,0,0,0,0,0,0,0,0,0,0,0.613282697,0.140226162,0,0,0,0,0,0,0,0,0,0,0,0,0.066245102,0,0.077966586,0,0,0,0,0,0,0,0.197882576,0,0,0,0,0,0,0,0,0,0,0,0,0,0,0,0,0,0
"KOS-17","Northeast Corner","Buoy 50","Outer",5.35628,163.0236,0,0,0,0,0,0,0,0,0,0,0,0,0,0,0,0,0,0,0,0,0,0.359524822,0,0,0,0,0,0,0,0,0,0,0,0,1.125015578,0,0.136729404,0,0,0,0,0,0,0,0,0,0,0,0,0,0,0,0,0,0,0,0,0,0,0,0,0,0
"KOS-17","Northeast Corner","Buoy 50","Outer",5.35628,163.0236,0,0,0,0,0,0,0,0,0,0,0,0,0,0.127818033,0,0,0,0,0,0,1.58899788,0.280452324,0,0,0,0,0,0,0,0,0,0,0,0,0.161869266,0,0,0.235512858,0,0.187931108,0,0,0,0,0.287052565,0,0,0,0,0,0,0,0,0,0,0,0,0,0.10539983,0,0,0,0
"KOS-17","Northeast Corner","Buoy 50","Outer",5.35628,163.0236,0,0,0,0,0,0,0,0,0,0,0,0,0,0,0,0,0,0,0,0,0.192758481,0.701939348,0,0,0,0,0,0,0,0,0,0,0,0,0,0,0.1005936,0,0,0,0,0,0,0,0,0,0,0,0,0,0,0,0,0,0,0,0,0,0,0,0,0,0
"KOS-17","Northeast Corner","Buoy 50","Outer",5.35628,163.0236,0,0,0,0,0,0,0,0,0,0,0,0,0,0,0,0,0,0,0,0,0.76675365,0.186968216,0,0,0,0,0,0.223936732,0,0,0,0,0,0,0.294743097,0,0,0,0,0,0,0,0,0,0.743140102,0,0,0,0,0,0,0,0,0,0,0,0,0,0,0,0,0,0
"KOS-17","Northeast Corner","Buoy 50","Outer",5.35628,163.0236,0.383514291,0,0.190876468,0,0,0,0,0,0,0,0,0,0,0,0,0,0,0,0,0,0,0.973218685,0,0,0,0,0,0,0,0,0,0,0,0,0.420100234,0,0.117752675,0,0,0,0,0,0,0,0.450645632,0,0,0,0,0,0,0,0,0,0,0,0,0,0,0,0,0,0
"KOS-17","Northeast Corner","Buoy 50","Outer",5.35628,163.0236,0,0,0,0,0,0,0,0,0,0,0,0,0,0.06285233,0,0,0,0,0,0,0.537652641,0,0,0,0,0,0,1.203377328,0,0,0,0,0,0,0.198735306,0,0,0,0,0,1.452941922,0,0,0,0,0,0,0,0,0,0,0,0,0.036247297,0,0,0,0,0,0,0,0,0
"KOS-17","Northeast Corner","Buoy 50","Outer",5.35628,163.0236,0,0,0,0,0,0,0,0,0,0,0,0,0,0,0,0,0,0,0,0,0.122548807,0.432219358,0,0,0,0,0,0,0.368083176,0,0,0,0,0,0.226769552,0,0,0,0,0,0,0,0,0.160270035,0,0,0,0,0,0,0,0,0,0,0,0,0,0,0,0,0,0,0
"KOS-17","Northeast Corner","Buoy 50","Outer",5.35628,163.0236,0,0,0,0,0,0,0,0,0,0,0,0,0,0,0,0,0,0,0,0,1.286451662,0.280452324,0,0,0,0,0,0.320083588,0,0,0,0,0,0,0.33122551,0,0,0,0,0,0,0,0,0,1.050874673,0,0,0,0,0,0,0,0.403807159,0,0,0,0,0,0,0,0,0,0
"KOS-17","Northeast Corner","Buoy 50","Outer",5.35628,163.0236,0,0,0,0,0,0,0,0,0,0,0,0,0,0,0,0,0,0,0,0,0,0.328566951,0,0,0,0,0,0,0.839809838,0,0,0,0,0,0.457785065,0,0,0,0,0,0.443981113,0,0,0,0,0,0,0,0,0.05451776,0,0,0,0,0,0,0,0,0,0,0,0,0
"KOS-17","Northeast Corner","Buoy 50","Outer",5.35628,163.0236,0,0,0,0,0,0,0,0,0,0,0,0,0,0,0,0,0,0,0,0,1.889307601,0,0,0,0,0,0,0.380731231,0,0,0,0,0,0,0.066245102,0,0,0,0,0.546068952,0,0,0,0,1.499458082,0,0,0,0,0,0,0,0,0.120171472,0,0,0,0,0,0,0,0,0
"KOS-17","Northeast Corner","Buoy 50","Outer",5.35628,163.0236,0.383514291,0,0,0,0,0,0,0,0,0,0,0,0,0,0,0,0,0,0,0,0,0,0,0,0,0,0,0,0.365195219,0,0,0,0,0,0,0,0,0,0,0,0,0,0,0,0.840847104,0,0,0,0,0,0,0,0,0,0,0,0,0,0,0,0,0,0
"KOS-17","Northeast Corner","Buoy 50","Outer",5.35628,163.0236,0,0,0,0,0,0,0,0,0,0,0,0,0,0,0,0,0,0,0,0,0.627682198,0.770619082,0,0,0,0,0,0.127404105,0,0,0,0,0,0,0,0,0,0,0,0,0,0,0,0,0.092017319,0,0,0,0,0,0,0,0,0,0,0,0,0,0,0,0,0,0
"KOS-17","Northeast Corner","Buoy 50","Outer",5.35628,163.0236,0,0,0,0,0,0,0,0,0,0,0,0,0,0,0,0,0,0,0,0,0,0.424086462,0,0,0,0,0,0,1.014028686,0,0,0,0,0,0.16052445,0,0,0,0,0,0,0,0.226433057,0,0.576504865,0,0,0,0,0,0,0,0,0,0,0,0.14073695,0,0,0,0,0,0
"KOS-18","Northeast","Buoy 52","Outer",5.342580917,163.0283787,0,0,0,0,0,0,0.527665448,0,0,0,0,0,0,0.06285233,0,0,0,0,0.363149407,0,0.122548807,0.438870392,0,0,0,0,0,0,0,0,0,0,0,0,0.096119933,0,0,0,0,0,0.443981113,0,0,0,0,0,0,0,0,0,0,0,0,0,0,0,0,0,0,0,0,0.186730194,0
"KOS-18","Northeast","Buoy 52","Outer",5.342580917,163.0283787,0,0,0,0,0,0,3.641116128,0,0,0,0,0,0,0.303549381,0,0,0,0,0,0,0,0.985084948,0,0,0,0,0,0,0,0,0,0,0,0,0.289660063,0,0,0,0,0,0,0,0,0.160270035,0,0,0,0,0,0.08839171,0,0,0,0,0,0,0,0,0,0,0,0,0
"KOS-18","Northeast","Buoy 52","Outer",5.342580917,163.0283787,0,0,0,0,0,0,0.280085856,0,0,0,0,0,0,0,0,0,0,0,0,0,0.167346947,0.697010285,0,0,0,0,0,0,0,0,0,0,0,0,0.608344274,0,0,0,0,0,0,0,0,0,0,0,0,0,0,0,0,0,0,0,0,0,0,0,0,0,0,0,0
"KOS-18","Northeast","Buoy 52","Outer",5.342580917,163.0283787,0,0,0,0,0,0,0,0,0,0,0,0,0,0.051187275,0,0,0,0,0,0,0,0.2129418,0,0,0,0,0,0,0.517948188,0,0,0,0,0,0.30617005,0,0,0,0,0,0,0,0,0.160270035,0,0,0,0,0,0.11990979,0,0,0,0,0,0,0,0,0,0,0,0,0
"KOS-18","Northeast","Buoy 52","Outer",5.342580917,163.0283787,0,0,0,0,0,0,0,0,0,0,0,0,0,0,0,0,0,0,0,0,0.438566567,0.364890989,0,0,0,0,0,0,0,0,0,0,0,0,0.247734948,0,0,0,0,0,0,0,0,0,0,0,0,0,0,0,0,0,0,0,0,0,0,0,0,0,0,0,0
"KOS-18","Northeast","Buoy 52","Outer",5.342580917,163.0283787,0,0,0,0,0,0,0,0,0,0,0,0,0,0.42229134,0,0.094245749,0,0,0,0,0,0.283656157,0,0,0,0,0,0,0,0,0,0,0,0,0.080262225,0,0,0,0,0,0,0,0,0,0,0,0,0,0,0,0,0,0.358460637,0,0,0,0,0,0,0,0,0,0
"KOS-18","Northeast","Buoy 52","Outer",5.342580917,163.0283787,0,0,0.770838073,0,0,0,0.48593357,0,0,0,0,0,0,0.10857527,0.069785809,0,0,0,0,0,0.167346947,0.40403352,0,0,0,0,0,0,0,0,0,0,0,0,0.113930184,0,0,0,0,0,0,0,0,0,0,0,0,0,0,0,0,0,0,0,0,0,0,0,0,0,0,0,0
"KOS-18","Northeast","Buoy 52","Outer",5.342580917,163.0283787,0,0,0,0,0,0,0,0,0,0,0,0,0,0,0,0,0,0,0,0,0.122548807,0.379141546,0,0,0,0,0,0,0,0,0,0,0,0,0.192239866,0,0,0,0,0,0,0,0,0,0,0,0,0,0,0,0,0,0.583819035,0,0,0,0,0,0,0,0,0,0
"KOS-18","Northeast","Buoy 52","Outer",5.342580917,163.0283787,0,0,0,0,0,0,0.587490248,0,0,0,0,0,0,0,0.069785809,0,0,0,0,0,0,0.639078577,0,0,0,0,0,0,0,0,0,0,0,0,0.192239866,0,0,0.159472677,0,0,0,0,0,0,0,0,0,0,0,0,0,0,0.316597072,0,0,0,0,0,0,0,0,0,0
"KOS-18","Northeast","Buoy 52","Outer",5.342580917,163.0283787,0,0,0,0,0,0,0,0,0,0,0,0,0,0.477586868,0.082786986,0,0,0,0,0,0.103564864,0.691004643,0,0,0,0,0,0,0,0,0,0,0,0,0,0,0,0,0,0,0,0,0,0,0,0,0,0,0,0,0,0,0,0,0,0,0,0,0,0,0,0.182157663,0
"KOS-18","Northeast","Buoy 52","Outer",5.342580917,163.0283787,0,0,0,0,0,0,0,0,0,0,0,0,0,0.149277822,0.058181133,0,0,0,0,0,0,1.309835968,0,0,0,0,0,0,0,0,0,0,0,0,0,0,0,0,0,0,0,0,0,0,0,0,0,0,0,0.07762392,0,0,0,0,0,0,0,0,0,0,0,0,0
"KOS-18","Northeast","Buoy 52","Outer",5.342580917,163.0283787,0,0,0,0,0,0,0.315330463,2.582978693,0,0,0,0,0,0,0,0,0,0,0,0,0.124289333,0.642948904,0,0,0,0,0,0,0,0,0,0,0,0,0.133804764,0,0,0,0,0,0,0,0,0,0.56839525,0,0,0,0,0,0,0,0,0,0,0,0,0,0,0,0,0,0
"KOS-23","Southeast Corner","Buoy-14","Outer",5.258907257,162.9896907,0,0,0,0,0,0,0,0,0,0,0,0,0,0,0,0,0,0,0,0,0.938247056,0.278655186,0,0,0,0,0,0,0,0,0,0,0,0,0,0,0.1005936,0,0,0,0.356870379,0,0,0,0.395765152,0,0,0,0,0,0.201689139,0,0,0,0,0,0,0,0.415200307,0,0,0,0
"KOS-23","Southeast Corner","Buoy-14","Outer",5.258907257,162.9896907,0,0,0.30284031,0,0,0,0,0,0,0,0,0,0,0,0,0,0,0,0,0,0.4546125,0.372139294,0,0,0,0,0,0,0,0.042381421,0,0,0,0,0,0,0.085164627,0,0,0,0,0,0,0,0.370512674,0,0,0,0,0,0,0,0,0,0,0,0,0,0,0,0,0,0
"KOS-23","Southeast Corner","Buoy-14","Outer",5.258907257,162.9896907,0,0,0.80757416,0,0,0,0,0,0,0,0,0,0,0,0,0,0.786429855,0,0,0,0.193424256,0.280452324,0,0,0,0,0,0.710943114,0,0.110714401,0,0,0,0,0.155855299,0,0,0,0,0,0,0,0,0,0.109262481,0,0,0,0,0,0,0,0,0,0,0,0,0,0,0,0,0,0
"KOS-23","Southeast Corner","Buoy-14","Outer",5.258907257,162.9896907,0,0,1.21136124,0,0,0,0,0,0,0,0,0,0,0,0,0,0,0,0,0,0.202477009,0.280452324,0,0,0,0,0,0,0,0.062651935,0,0,0,0,0,0,0,0,0,0,0.356870379,0,0,0,0.109262481,1.646640396,0,0,0,0,0,0,0,0,0,0,0,0,0,0,0,0,0
"KOS-23","Southeast Corner","Buoy-14","Outer",5.258907257,162.9896907,0,0,0.523909958,0,0,0,0,0,0,0,0,0,0,0,0,0,4.263290497,0,0,0,0.588026456,0.695704316,0,0,0,0,0,0,0,0,0,0,0,0,0,0,0,0,0,0,0,0,0,0,0,0,0,0,0,0,0,0,0,0.24801808,0,0,0,0,0,0,0,0,0
"KOS-23","Southeast Corner","Buoy-14","Outer",5.258907257,162.9896907,0,0,0.30284031,0,0,0,0,0,0,0,0,0,0,0,0,0,4.981383159,0,0,0.575272059,0.122548807,0.143225852,0,0,0,0,1.623381137,0,0,0,0,0.823053346,0,0,0,0,0,0,0,0,0,0,0,0,0.197882576,0,0,0,0,0,0,0,0,0.356350255,0,0,0,0,0,0,0,0,0
"KOS-23","Southeast Corner","Buoy-14","Outer",5.258907257,162.9896907,0,0,0.70156116,0,0,0,0,0,0,0,0,0,0,0.199375578,0,0,0,0,0,0,0.461329867,0.23371027,0,0,0,0,0,0,0,0,0,0,0,0,0.080262225,0,0,0.494227412,0,0,0,0,0,0,0,0,0,0,0,0,0,0,0,0,0,0,0,0,0,0,0,0,0
"KOS-23","Southeast Corner","Buoy-14","Outer",5.258907257,162.9896907,0,0,0.10094677,0,0,0,0,0,0,0,0,0,0,0,0,0,0,0,0,0,0,0.259683854,0,0,0,0,0,0,0,0,0,0,0,0,0,0,0,0.331553222,1.378684955,0,0,0,0,0,0,0,0,0,0,0,0,0,0,0,0,0,0,0,0.567363635,0,0,0,0
"KOS-23","Southeast Corner","Buoy-14","Outer",5.258907257,162.9896907,0,0,0.60568062,0,0,0,0,0,0,0,0,0,0,0,0,0,0,0,0,0,0.871328307,0.815197088,0,0,0,0,0,0,0,0,0,0,0,0,0,0,0,0,0,0,0,0,0,0,0.754145389,0,0,0,0,0,0,0,0,0,0,0,0,0,0.258160206,0,0,0,0
"KOS-23","Southeast Corner","Buoy-14","Outer",5.258907257,162.9896907,0,0,0.50473385,0,0,0.44594308,0,0,0,0,0,0,0,0,0,0,0,0,0,0,0.086683537,0.447650479,0,0,0,0,0,0,0,0,0,0,0,0,0,0,0,0.297190872,0.247523066,0,0.443981113,0,0,0,0,0,0,0,0,0,0,0,0,0,0,0,0,0,0,0,0,0,0
"KOS-23","Southeast Corner","Buoy-14","Outer",5.258907257,162.9896907,0,0,0.40378708,0,0,0,0,0,0,0,0,0,0,0,0,0,0,0,0,0,0,0.280452324,0,0,0,0,0,0,0.089032393,0,0,0,0,0,0,0,0,0,0,0.187931108,0,0,0,0,0,0,0,0,0,0,0,0,0,0.164081843,0,0,0,0,0.567363635,0,0,0,0
"KOS-23","Southeast Corner","Buoy-14","Outer",5.258907257,162.9896907,0,0,0.50473385,0,0,0,0,0,0,0,0,0,0,0,0,0,0,0,0,0,0.530028884,0.23371027,0,0,0,0,0,0,0,0,0,0,0,0,0,0,0,0,0,0,0,0,0,0,0,0,0,0,0,0,0,0,0,0,0,0,0,0,0,0,0,0,0
"KOS-24","Northeast","Buoy-53","Outer",5.342580916,163.0283787,0,0,0,0,0,0,0.059822458,0,0,0,0,0,0,0,0.038873118,0,4.263290497,0,0,5.409124664,0.352616813,0.495291102,0,0,0,0,0,0,0,0,0,0,0,0,0,0,0,0,0,0,0,0,0,0,0,0,0,0,0,0,0,0,0,0,0,0,0,0,0,0,0,0,0
"KOS-24","Northeast","Buoy-53","Outer",5.342580916,163.0283787,0,0,0,0,0,0,0,0,0,0,0,0,0,0,0,0.433685536,0,0,0,0,0.222130341,2.373817845,0,0,0,0,0,0,0,0,0,0,0,0,0,1.508551605,0,0,0,0,2.857937988,0,0,0,1.807699938,0,0,0,1.023852944,0,0,0,0,0,0,0,0,0,1.056285862,0,0,0,0
"KOS-24","Northeast","Buoy-53","Outer",5.342580916,163.0283787,0,0,0.20189354,0,0,0,0.218116395,0,0,0,0,0,0,0,0,0,0,0,0,0,0.143765774,0.699333672,0,0,0,0,0,0,0,0,0,0,0,0,0.080262225,0,0.136729404,0,0,0,0,0,0,0,0.197882576,0,0,0,0,0,0,0,0,0,0,0,0,0,0,0,0,0,0
"KOS-24","Northeast","Buoy-53","Outer",5.342580916,163.0283787,0,0,0,0,0,0,0,0,0,0,0,0,0,0,0,0,0,0,0,0,0.58829242,7.94612487,0,0,0,0,0,0,0,0,0,0,0,0,0,0,0,0,0,0,0,0,0,0,0.423205392,0,0,0,0,0,0,0,0,0.164081843,0,0,0,2.367004042,0,0,0,0,0
"KOS-24","Northeast","Buoy-53","Outer",5.342580916,163.0283787,0,0,0.20189354,0,0,0,0,0,0,0,0,0,0,0.06285233,0.058181133,0,0,0,0,0,0.287962793,0.563904338,0,0,0,0,0,0,0,0,0,0,0,0,0.132490204,0,0,0,0,0,0,0,0,0,0,0,0,0,0,0,0,0,0,0,0,0,0,0,0,0,0,0,0
"KOS-24","Northeast","Buoy-53","Outer",5.342580916,163.0283787,0,0,0,0,0,0,0,0,0.518284099,0,0.373204024,0,0,0,0,0,0,0,0,0.163743358,0.287962793,9.07434837,0,0,0,0,0,0,0,0,0,0,0,0,0,0,0,0,0,0,0,0,0,0,1.027010307,0,0,0,0,0,0,0,0,0,0,0,0,0.605990992,0,0,0,0,0
"KOS-24","Northeast","Buoy-53","Outer",5.342580916,163.0283787,0,0,0,0,0,0,0,0,0,0,0,0,0,0,0,0,0,0,0,0,0.075211592,0.514162594,0,0,0,0,0,0,0,0,0,0,0,0,0,0,0,0,0,0,0,0,0,0,0.484935141,0,0,0,0,0,0,0,0,0,0,0,0,0,0,0,0,0,0
"KOS-24","Northeast","Buoy-53","Outer",5.342580916,163.0283787,0,0,0.725023278,0,0,0,0.48593357,0,0.374571435,0,0,0,0,0,0,0,0,0,0,0,0.469460979,6.42298102,0,0,0,0,0,0,0,0,0,0,0,0,0,0,0,0.407698052,0,0,0,0,0,0,0.932485367,0.941096866,0,0,0,0,0,0,0,0,0,0,0.190155756,0,0,0,0,0,0
"KOS-24","Northeast","Buoy-53","Outer",5.342580916,163.0283787,0,0,0.10094677,0,0,0,0.277522239,0,0,0,0,0,0,0,0.069785809,0.353804168,4.263290497,0,0,0,0.176133705,0.420678486,0,0,0,0,0,0,0,0,0,0.758721667,0,0,0,0,0,0,0,0,1.569917724,0,0,0,1.583060608,0,0,0,0,0,0,0,0,0,0,0,0,0,0,0,0,0,0
"KOS-24","Northeast","Buoy-53","Outer",5.342580916,163.0283787,0,0,0.663208944,0,0,0,0,0,0,0,0,0,0,0,0,0,10.50879219,0,0,1.196810796,0,2.27263379,0,0,0,0,0,0,0,0,1.823789953,0,0,0,0,0,0,0,0,0,1.211309972,0,0,0,0,0,0,0.291208943,3.90361512,0,0,0,0,0,0,0,0,0,0,0,0,0,0
"KOS-24","Northeast","Buoy-53","Outer",5.342580916,163.0283787,0,0,0,0,0,0,0,0,0,0,0,0,0,0,0,0,0,0,0,2.723720072,0.058711235,0.46742054,0,0,0,0,2.421142306,0,0,0,0,1.515515016,0,0,0,0,0,0.318945354,0,0,1.056155181,0,0,0,1.294199876,0,0,0,0,0,0,0,0,0,0,0.213137265,0,0,0,0,0,0,0
"KOS-24","Northeast","Buoy-53","Outer",5.342580916,163.0283787,0,0,0.663208944,0,0,0,0.315330463,0,0,0,0,0,0,0.385892536,0,0,0,0,0.511209974,0,0,1.999072875,0,0,0,0,0,0,0,0,0,0,0,0,0.582577227,0,0,0,0,0,0,0,0,0,1.957568222,0,0,0,1.369456518,0,0,0,0,0,0,0,0,0,0,0,0,0,0
"KOS-24","Northeast","Buoy-53","Outer",5.342580916,163.0283787,0,0,0.10094677,0,0,0,0.19033463,0,0,0,0,0,0,0.127818033,0,0.082966206,5.479726607,0,0,0,0.539263189,0.46742054,0,0,0,0,0,0,0,0,0,0,0,0,0,0,0,0,0,0,0,0,0,0,0.57410513,0,0,0,0.17033094,0,0,0,0,0,0,0.087005328,0,0,0,0,0,0,0
"KOS-24","Northeast","Buoy-53","Outer",5.342580916,163.0283787,0,0,1.027863588,0,0,0,0.48593357,0,0,0,0,0,0,0.37275666,0,0,0,0,0,0,0.389477288,2.373817845,0,0,0,0,0,0,0,0,0,0,0,0,0.629171493,0,0,0,0,0,0,0,0,0,1.043246863,0,0,0,0,0,0,0,0,0,0,0,0,0,0,0,0,0,0
"KOS-24","Northeast","Buoy-53","Outer",5.342580916,163.0283787,0,0,0.10094677,0,0,0,0.280085856,0,0,0,0,0,0,0,0,0,0,0,0,0,0,0.23371027,0,0,0,0,0,0,0,0,0,0.580512944,0,0,0.066245102,0,0,0,0,0,0.281671691,0,0,0,0.848670329,0,0,0,0,0,0,0,0,0,0,0,0,0,0,0,0,0,0
"KOS-24","Northeast","Buoy-53","Outer",5.342580916,163.0283787,0,0,0.725023278,0,0,0,0.849639721,0,0,0,0,0,0,0,0,0,0,0,0,0,0.73179223,3.02212373,0,0,0,0,0,0,0,0,0,0,0,0,0.894287825,0,0,0,0,0,0.599503715,0,0,0,0.932485367,0,0,0,0,0,0,0,0,0,0,0,0,0,0,0,0,0,0
"KOS-24","Northeast","Buoy-53","Outer",5.342580916,163.0283787,0,0,0,0,0,0,0,0,0,0,0,0,0,0,0,0,0,0,0,0,0.18137157,0.327194378,0,0,0,0,0,0,0,0,0,0,0,0,0,0,0,0,0,0,0.443981113,0,0,0,0.593647728,0,0,0,0,0,0,0,0,0,0,0,0,0,0,0,0,0,0
"KOS-24","Northeast","Buoy-53","Outer",5.342580916,163.0283787,0,0,0.693598297,0,0,0,0,0,0,0,0.83271962,0,0,0,0,0,0,0,0,0,0.510093134,3.02212373,0,0,0,0,0,0,0,0,0,0,0,0,0.695426265,0,0.232550292,0,0,0,0,0,0,0,0,0,0,0,0,0,0,0,0,0,0,0,0,0,0,0,0,0,0
"KOS-24","Northeast","Buoy-53","Outer",5.342580916,163.0283787,0,0,0,0,0,0,0,0,0,0,0,0,0.280804978,0,0,0.064266061,0,0,0,0,0.143765774,0.46742054,0,0,0,0,0,0,0,0,0,0,0,0,0,0,0,0,0,0,0,0,0,0,0.149492374,0,0,0,0,0,0,0,0,0,0,0,0.069135717,0,0.371265101,0,0,0,0
"KOS-24","Northeast","Buoy-53","Outer",5.342580916,163.0283787,0,0,0,0,0,0,0,0,0,0,0,0,0,0,0,0,0,0,0,0,0.222130341,3.02212373,0,0,0,0,0,0,0,0,0,0,0,0,1.210667574,0.356434801,0.398644655,0,0,0,0,0,0,0,0.321482264,0,0,0,0.654456935,0,0,0,0,0,0,0,0.1642076,0,0,0,0,0,0
"KOS-24","Northeast","Buoy-53","Outer",5.342580916,163.0283787,0,0,0.20189354,0,0,0,0,0,0,0,0,0,0,0,0,0,0,0,0,0,0.037605796,0.23371027,0,0,0,0,7.397956202,0,0,0,0,0,0,0,0,0,0,0,0.563793324,0,0,0,0,0.109287941,0,1.184693044,0,0,0,0,0,0,0,0,0,0,0,0,0,0,0,0,0
"KOS-24","Northeast","Buoy-53","Outer",5.342580916,163.0283787,0,0,0,0,0,0,0.353425407,0,0,0,0,0,0,0.199375578,0,0,0,0,0,0,1.951488232,3.02212373,0,0,0,0,0,0,0,0,0,0,0,0,0,0,0,0,0,0,0,0,0,0,2.221369639,1.646640396,0,0,0,0,0,0,0,0,0,0,0,0,0,0,0,0,0
"KOS-24","Northeast","Buoy-53","Outer",5.342580916,163.0283787,0,0,0,0,0,0,0.230025589,0,0,0,0,0,0,0.127818033,0,0,0,0,0,1.196810796,0.247330638,0,0,0,0,0,0.767415619,0.372438053,0,0,0,0,0,0,0.240786675,0,0,0,0,0,0,0,0,0.109287941,0,0,0,0,0,0,0,0,0,0,0,0.045331406,0,0,0,0,0,0,0
"KOS-24","Northeast","Buoy-53","Outer",5.342580916,163.0283787,0,0,0.60977863,0,0,0,0,0,0,0,0,0,0,0,0,0.535589973,0,0,0,0,1.308644372,4.54526758,0,0,0,0,0,0,0,0,0,0,0,0,0.539570966,0,0,0,0,0,0,0,0,0,0,0,0,0,0,0,0,0,0,0,0,0,0,0,0,0,0,0,0
"KOS-25","West","Buoy-31 Walung","Outer",5.312296603,162.9007034,0,0,0,0,0,0,0,0,0,0,0,0,0,0,0,0,0,0,0,0,0.167346947,0.268618164,0,0,0,0,0,0,0,0,0,0,0,0,0.16052445,0,0,0,0,0,0,0,0,0,0,0,0,0,0,0,0,0,0,0,0,0,0,0,0,0,0,0,0
"KOS-25","West","Buoy-31 Walung","Outer",5.312296603,162.9007034,0,0,0,0,0,0,0.995571274,0,0,0,0,0,0,0,0,0,0,0,0,1.514585604,0.253598526,0.676136382,0,0,0,0,0,0,0,0,0,0,0,0,0,0,0,0,0,0,0,0,0,0,0,0,0,0,0.692264799,0,0,0,0,0,0,0,0,0,0,0,0,0,0
"KOS-25","West","Buoy-31 Walung","Outer",5.312296603,162.9007034,0,0,0,0,0,0,0,0,0,0,0,0,0,0.464235583,0,0,0,0,0,0,0.265199493,0.107419389,0,0,0,0,0,0,0,0,0,0,0,0,0.212752429,0,0,0,0,0,0,0,0,0,0,0,0,0,0,0,0,0,0,0,0,0,0,0,0,0,0,0,0
"KOS-25","West","Buoy-31 Walung","Outer",5.312296603,162.9007034,0,0,0.438342928,0,0,0,0.247579592,0,0,0,0,0,0,0,0,0,0,0,0,4.239342825,1.539236872,0.59728846,0,0,0,0,0,0,0,0,0,0,0,0,0,0,0,0,0,0,2.521232758,0,0,0,1.03872968,0,0.381374068,0,0.513704232,0,0,0.20297982,0,0,0,0,0,0,0,0,0,0,0
"KOS-25","West","Buoy-31 Walung","Outer",5.312296603,162.9007034,0,0.109407713,0.083819667,0,0,0,0,0,0,0,0,0,0,0,0,0,0,0,0,0.326956029,0.161895129,0.218578786,0,0,0,0,0,0,0,0,0,0,0,0,0.053956422,0,0,0,0,0,0,0,0,0,0.57979979,0,0,0,0,0,0,0,0,0,0,0.087005328,0,0,0,0,0,0,0
"KOS-25","West","Buoy-31 Walung","Outer",5.312296603,162.9007034,0,0,0.499937898,0,0,0,0,0,0,0,0,0,0,0,0,0,0,0,0,4.637683596,1.381125449,0.418101922,0,0,0,0,0,0,0,0,0,0,0,0,0,0,0,0.494227412,0,0,1.969007528,0,0,0,0,0,0,0,0.684938976,0.16194277,0,0,0,0.59935071,0,0,0,0,0,0,0,0,0
"KOS-25","West","Buoy-31 Walung","Outer",5.312296603,162.9007034,0.134803819,0,0,0,0,0,0,0,0,0,0,0,0,0,0,0,0,0,0,0.575272059,0.139165673,0.294387605,0,0,0,0,0,0,0,0,0,0,0,0,0.066245102,0,0.205435138,0,0,0,2.579312497,0,0,0,0.593647728,0,0,0,0,0,0,0,0,0,0,0,0,0,0,0,0,0,0
"KOS-25","West","Buoy-31 Walung","Outer",5.312296603,162.9007034,0,1.10191785,0.249968949,0,0,0,0,0,0,0,0,0,0,0,0,0,1.729565637,0,0,0,1.407370584,0.505299306,0,0,0,0,0,0,0,0,0,0,0,0,0,0,0,0.208045903,0,0,1.892142429,0,0,0,0.905810354,0,0,0,0,0,0,0.74405424,0,0,0,0,0,0,0,0,0,0,0
"KOS-25","West","Buoy-31 Walung","Outer",5.312296603,162.9007034,0,0,0.10094677,0,0,0,0,0,0,0,0,0,0,0,0,0,0,0,0.405258916,0.36921211,0.33719003,0.327194378,0,0,0,0,0,0,0,0,0,0,0,0,0.080262225,0,0,0,0,0,0,0,0,0,0.396315046,0,0,0,0,0,0,0,0,0,0,0.353283717,0,0,0,0,0,0,0
"KOS-25","West","Buoy-31 Walung","Outer",5.312296603,162.9007034,0,0,0,0,0,0,0,0,0,0,0,0,0,0.332034987,0,0,0,0,0,2.393621592,1.623372957,0.224846982,0,0,0,0,0,0,0,0,0,0,0,0,0,0,0.327736029,0,0,0,0.217581047,0,0,0,0.321482264,0,0,0,1.591209558,0,0,0,0,0,0,0,0,0,0,0,0.483573878,0,0.569256198
"KOS-25","West","Buoy-31 Walung","Outer",5.312296603,162.9007034,0,0,0,0,0,0,0,0,0,0,0,0,0,0,0,0,0,0,0,0,0.284824906,0.327194378,0,0,0,0,0,0,0,0,0,0,0,0,0,0,0,0,0,0,0,0,0,0,0,0,0,0,0,0,0,0,0,0,0,0,0,0,0,0,0,0,0
"KOS-25","West","Buoy-31 Walung","Outer",5.312296603,162.9007034,0,0,0.716466446,0,0,0,0.285403382,0,0,0,0,0,0,0,0,0,0,0,0,2.20375387,1.164817288,0.449693964,0,0,0,0,0,0,0,0,0,0,0,0,0,0,0,0,0,0,0.443981113,0,0,0,2.55022601,0,0,0,0,0,0,0,0,1.069050765,0,0.76063638,0,0,0.822152192,0,0,0,0
"KOS-25","West","Buoy-31 Walung","Outer",5.312296603,162.9007034,0,0,0,0,0,0,0,0,0,0,0,0,0,0,0,0.064266061,0,0,0,0,0.233814411,0.186968216,0,0,0,0,0,0,0,0,0,0,0,0,0,0,0,0,0,0,0,0,0,0,0.25679016,0,0,0,0,0,0,0,0,0,0,0,0,0,0,0,0,0,0
"KOS-25","West","Buoy-31 Walung","Outer",5.312296603,162.9007034,0,0,0,0,0,0,0,0,0,0,0,0,0,0,0,0,0,0,0,4.66113943,0.793609862,0.599591952,0,0,0,0,0,0,0,0,0,0,0,0,0,0,0.205435138,0,0,0,0.854050275,0,0,0,1.60741132,0,0,0,0,0,0,0.562489012,0.990468227,0,0,0.399582815,0,0,0,0,0,0,0
"KOS-25","West","Buoy-31 Walung","Outer",5.312296603,162.9007034,0,0,0,0,0,0,0,0,0,0,0,0,0,0,0,0,0,0,0,0,0.204106007,0.23371027,0,0,0,0,0,0,0,0,0,0,0,0,0.053956422,0,0,0,0,0,0,0,0,0,0,0,0,0,0,0,0,0,0,0,0,0.27190713,0,0,0,0,0,0,0
"KOS-25","West","Buoy-31 Walung","Outer",5.312296603,162.9007034,0,0,0.358233223,0,0,0,0,0,0,0,0.234080552,0,0,0,0,0,0,0,0,7.815263308,0.745222917,0.599591952,0,0,0,0,0,0,0,0,0,0,0,0,0,0,0,0,0,0,0.974121958,0,0,0,1.703487385,0,0,0,0,0,0,0,0,0,0,0,0,0,0.567363635,0,0.30112721,0,0
"KOS-25","West","Buoy-31 Walung","Outer",5.312296603,162.9007034,0,0,0,0,0,0,0,0,0,0,0,0,0,0,0,0,0,0,0,0,0.086683537,0.258581142,0,0,0,0,0,0,0,0,0,0,0,0,0.053956422,0,0,0,0,0,0,0,0,0,0,0,0,0,0,0,0,0,0,0,0,0,0,0,0,0,0,0,0
"KOS-25","West","Buoy-31 Walung","Outer",5.312296603,162.9007034,0,0,0,0,0,0,0,0,0,0,0,0,1.421545543,0,0,0,0,0,0,8.617298076,1.249660556,0.899387928,0,0,0,0,0,0,0,0,0,0,0,0,0.803698156,0,0,0,0,0,0,0,0,0,2.372479123,0,0,0,0,0,0,0.281267976,0.687424315,0,0,0,0,0,0,0,0,0,0
"KOS-25","West","Buoy-31 Walung","Outer",5.312296603,162.9007034,0,0,0,0,0,0,0,0,0,0,0,0,0,0,0,0.052038429,0,0,0,0,0,0.23371027,0,0,0,0,0,0,0,0,0,0,0,0,0.188175069,0,0,0,0,0,0,0,0,0,0.184034638,0,0,0,0,0,0,0.045923228,0,0.120171472,0,0,0,0,0,0,0,0,0
"KOS-25","West","Buoy-31 Walung","Outer",5.312296603,162.9007034,0,0,0.319415356,0,0,0,0,0,0,0,0,0,0,0,0.548254114,0,0,0,0,6.81013022,0.691276389,0.74948994,0,0,0,0,0,0,0,0,0,0,0,0,0,0,0.445467225,0,0,0,0,0,0,0.218575882,1.285929056,0,0,0,0,0,0,0.38156083,0,0,0,0,0,0.605990992,0,0,0,0,0
"KOS-25","West","Buoy-31 Walung","Outer",5.312296603,162.9007034,0,0,0,0,0,0,0,0,0,0,0,0,0,0,0,0,0,0,0,0,0.289072623,0.140226162,0,0,0,0,0,0,0,0,0,0,0,0,0,0,0,0,0,0,0,0,0,0,0,0,0,0,0,0,0,0,0,0.34950799,0,0.236485279,0,0,0,0,0,0,0
"KOS-25","West","Buoy-31 Walung","Outer",5.312296603,162.9007034,0,0,0.716466446,0,0,0,0.435399562,0,0,0,0.205794871,0,0,0,0.130875857,0,0,0,0,8.967382182,0.669387788,0.80806704,0,0,0.436474466,0,0,0,0,0,0,0,0,0,0,0,0,0,0,0,4.099048035,0,0,0.460230366,1.14821026,0,0,0,0,0,0,0,0,0,0,0,0,0.305186127,0,0,0,0,0
"KOS-25","West","Buoy-31 Walung","Outer",5.312296603,162.9007034,0,0,0,0,0,0,0,0,0,0,0,0,0,0,0,0.052038429,0,0,0,0.92756091,0.067069614,0.186968216,0,0,0,0,0,0,0,0,0,0,0,0,0.034114844,0,0.059144638,0,0,0,0,0,0,0,0.149492374,0,0,0,0,0,0,0,0,0.265571753,0,0,0,0,0,0,0,0,0
"KOS-25","West","Buoy-31 Walung","Outer",5.312296603,162.9007034,0,0,0,0,0,0,0,0,0,0,0,0,0,0,0,0,0,0,0,2.20375387,1.344581305,0.465792465,0,0,0,0,0,0,0,0,0,0,0,0,0,0,0,0,0,0,0,0,0,0,0.795628122,0,0,0,0,0,0,0.217478987,0,0,0,1.652077059,0,0,0,0,0,0,0
