site,longitude,latitude,dist_okat,time_okat,boats_okat,pop_okat,dist_lelu,time_lelu,boats_lelu,pop_lelu,dist_utwe,time_utwe,boats_utwe,pop_utwe,dist_walung,time_walung,boats_walung,pop_walung,grav_okat_pop,grav_lelu_pop,grav_utwe_pop,grav_walung_pop,tot_grav_pop,grav_okat_boat,grav_lelu_boat,grav_utwe_boat,grav_walung_boat,tot_grav_boat
KOS-01,162.9805157,5.265350946,22000,44,35,2067,14820,29.64,16,4005,1750,3.5,22,1518,13890,27.78,26,216,1.067665289,4.558753627,123.9183673,0.279891216,129.8246775,0.018078512,0.018212249,1.795918367,0.033690609,1.865899738
KOS-02,162.9351378,5.266485882,17130,34.26,35,2067,19910,39.82,16,4005,4880,9.76,22,1518,8830,17.66,26,216,1.761025965,2.525806107,15.93573636,0.692583838,20.91515227,0.029819017,0.010090611,0.230952701,0.083366573,0.354228902
KOS-03,162.9023588,5.28946583,12010,24.02,35,2067,24460,48.92,16,4005,9690,19.38,22,1518,4070,8.14,26,216,3.582568232,1.673515055,4.041701413,3.25990498,12.55768968,0.060662742,0.006685703,0.058575383,0.39239597,0.518319798
KOS-04,162.8979891,5.296150047,11470,22.94,35,2067,25680,51.36,16,4005,10690,21.38,22,1518,3550,7.1,26,216,3.927838742,1.518282164,3.320904371,4.284864114,13.05188939,0.066509122,0.006065547,0.048129049,0.51577068,0.636474398
KOS-05,162.9251359,5.320633362,6350,12.7,35,2067,23110,46.22,16,4005,15520,31.04,22,1518,1890,3.78,26,216,12.81542563,1.874746874,1.575536056,15.11715797,31.38286654,0.217000434,0.007489625,0.022833856,1.819657904,2.06698182
KOS-06,163.0375079,5.311155562,15310,30.62,35,2067,4510,9.02,16,4005,12060,24.12,22,1518,24340,48.68,26,216,2.204601527,49.2254217,2.609258847,0.091149148,54.13043123,0.037329973,0.196655867,0.037815346,0.010971657,0.282772842
KOS-07,162.9469886,5.35639957,3490,6.98,35,2067,18160,36.32,16,4005,20590,41.18,22,1518,7270,14.54,26,216,42.42576005,3.03606343,0.895156742,1.021703634,47.37868386,0.718384907,0.012129092,0.012973286,0.122982845,0.86647013
KOS-08,162.9483609,5.361430848,3490,6.98,35,2067,17710,35.42,16,4005,21110,42.22,22,1518,7880,15.76,26,216,42.42576005,3.192312561,0.851599335,0.869643639,47.33931559,0.718384907,0.012753309,0.012342019,0.104679327,0.848159561
KOS-09,162.9470447,5.353099874,3030,6.06,35,2067,18710,37.42,16,4005,20230,40.46,22,1518,7000,14,26,216,56.2853315,2.860190462,0.927299477,1.102040816,61.17486226,0.953065604,0.011426479,0.013439123,0.132653061,1.110584266
KOS-10,163.0289405,5.28504428,17940,35.88,35,2067,7720,15.44,16,4005,8810,17.62,22,1518,21000,42,26,216,1.605593524,16.79994765,4.889449483,0.12244898,23.41743964,0.027187118,0.067115896,0.070861587,0.014739229,0.17990383
KOS-11,162.946761,5.343479535,2850,5.7,35,2067,19350,38.7,16,4005,19320,38.64,22,1518,5660,11.32,26,216,63.61957525,2.674118142,1.016711032,1.685624742,68.99602917,1.07725454,0.010683119,0.014734942,0.202899275,1.305571876
KOS-16,162.9846,5.37288,2930,5.86,35,2067,12810,25.62,16,4005,23770,47.54,22,1518,11890,23.78,26,216,60.19289683,6.101607534,0.671666081,0.3819707,67.34814114,1.019231441,0.02437596,0.009734291,0.045977955,1.099319647
KOS-17,163.0236,5.35628,9270,18.54,35,2067,6560,13.12,16,4005,17350,34.7,22,1518,18530,37.06,26,216,6.013412791,23.26670323,1.260703104,0.157268926,30.69808805,0.101823632,0.092950625,0.018271059,0.018930519,0.231975835
KOS-18,163.0283787,5.342580917,10970,21.94,35,2067,4970,9.94,16,4005,16000,32,22,1518,20100,40.2,26,216,4.294051316,40.53496026,1.482421875,0.133660058,46.44509351,0.072710109,0.161937419,0.021484375,0.016088711,0.272220614
KOS-19,162.9549519,5.266578421,19240,38.48,35,2067,16420,32.84,16,4005,2630,5.26,22,1518,11100,22.2,26,216,1.395951565,3.71360941,54.86561899,0.438276114,60.41345608,0.023637303,0.014835893,0.795153898,0.052755458,0.886382552
KOS-20,162.9626257,5.27805839,21490,42.98,35,2067,17300,34.6,16,4005,2140,4.28,22,1518,13030,26.06,26,216,1.118942203,3.345417488,82.86749934,0.318056978,87.64991601,0.018946772,0.013364964,1.200978251,0.038284636,1.271574623
KOS-21,162.9418923,5.329341564,4840,9.68,35,2067,21670,43.34,16,4005,17750,35.5,22,1518,3840,7.68,26,216,22.05920019,2.13218413,1.204522912,3.662109375,29.05801661,0.373522983,0.008518089,0.017456854,0.440809462,0.840307388
KOS-23,162.9896907,5.258907257,23190,46.38,35,2067,13410,26.82,16,4005,3000,6,22,1518,15040,30.08,26,216,0.960901758,5.567817265,42.16666667,0.238725102,48.93411079,0.016270712,0.022243465,0.611111111,0.028735429,0.678360717
KOS-25,162.9007034,5.312296603,9110,18.22,35,2067,25050,50.1,16,4005,12480,24.96,22,1518,2070,4.14,26,216,6.226496257,1.595611173,2.436590853,12.60239445,22.86109274,0.105431722,0.006374477,0.035312911,1.516954888,1.664073997
KOS-26,162.9681887,5.361081166,640,1.28,35,2067,15390,30.78,16,4005,22360,44.72,22,1518,9220,18.44,26,216,1261.59668,4.227321607,0.75904615,0.635231342,1267.218279,21.36230469,0.016888176,0.011000669,0.076463032,21.46665656
KOS-27,162.9552797,5.350496542,1520,3.04,35,2067,17400,34.8,16,4005,20560,41.12,22,1518,7220,14.44,26,216,223.6625693,3.307074911,0.897770973,1.035903653,228.9033188,3.787222992,0.013211785,0.013011174,0.124692106,3.938138057
KOS-28,163.0231905,5.272259785,19670,39.34,35,2067,9010,18.02,16,4005,7480,14.96,22,1518,19720,39.44,26,216,1.335585715,12.33368769,6.782793331,0.138860888,20.59092762,0.022615143,0.049273159,0.098301353,0.016714737,0.186904391
KOS-29,162.9663819,5.279526286,21490,42.98,35,2067,17310,34.62,16,4005,1910,3.82,22,1518,13080,26.16,26,216,1.118942203,3.341553304,104.0267537,0.315629997,108.8028792,0.018946772,0.013349526,1.507634111,0.0379925,1.577922909
KOS-31,163.0204,5.268933,20715,41.43,35,2067,10079,20.158,16,4005,7395,14.79,22,1518,19136,38.272,26,216,1.204233238,9.856157587,6.939615743,0.147465842,18.14747241,0.020390984,0.039375411,0.100574141,0.017750518,0.178091054
KOS-32,162.9371,5.327874,5122,10.244,35,2067,22175,44.35,16,4005,18145,36.29,22,1518,5809,11.618,26,216,19.69705679,2.036175803,1.15265101,1.600261684,24.48614529,0.333525393,0.008134535,0.016705087,0.192624092,0.550989107
